_id,type,name,level,rarity,damage,time_stamp,health,energy,sanity
62bb38bee3bf39677e396a2b,Elemental,Djinni,3,Rank 0,3d2,2022-06-28 10:22:06,6.38,5.23,5.54
62bb38bfe3bf39677e396a2c,Demonic,White Demon,9,Rank 3,9d8,2022-06-28 10:22:07,72.72,72.21,72.48
62bb38bfe3bf39677e396a2d,Dragon,Green Wyrmling,2,Rank 0,2d2+2,2022-06-28 10:22:07,4.25,3.13,4.88
62bb38bfe3bf39677e396a2e,Elemental,Djinni,5,Rank 2,5d6+1,2022-06-28 10:22:07,27.7,32.78,28.44
62bb38bfe3bf39677e396a2f,Demonic,Nightmare,7,Rank 3,7d8,2022-06-28 10:22:07,58.26,53.99,59.54
62bb38bfe3bf39677e396a30,Dragon,Gold Dragon,4,Rank 1,4d4+1,2022-06-28 10:22:07,16.96,16.96,16.8
62bb38bfe3bf39677e396a31,Fey,Steam Archfey,12,Rank 0,12d2,2022-06-28 10:22:07,24.37,23.75,24.71
62bb38bfe3bf39677e396a32,Demonic,Imp,2,Rank 4,2d10+3,2022-06-28 10:22:07,15.03,17.46,15.72
62bb38bfe3bf39677e396a33,Devilkin,Goblin Archer,8,Rank 3,8d8+1,2022-06-28 10:22:07,62.93,64.31,65.54
62bb38bfe3bf39677e396a34,Dragon,Wyvern,3,Rank 1,3d4+2,2022-06-28 10:22:07,13.0,11.06,12.83
62bb38bfe3bf39677e396a35,Fey,Red Faerie,4,Rank 0,4d2+1,2022-06-28 10:22:07,8.54,8.82,8.37
62bb38bfe3bf39677e396a36,Demonic,Quasit,14,Rank 0,14d2+3,2022-06-28 10:22:07,28.15,27.99,28.9
62bb38bfe3bf39677e396a37,Undead,Skeletal Knight,6,Rank 0,6d2+1,2022-06-28 10:22:07,12.97,12.37,11.99
62bb38bfe3bf39677e396a38,Elemental,Lightning Elemental,9,Rank 2,9d6+2,2022-06-28 10:22:07,55.52,54.48,51.54
62bb38bfe3bf39677e396a39,Demonic,Balor,6,Rank 2,6d6+1,2022-06-28 10:22:07,34.82,37.69,34.13
62bb38bfe3bf39677e396a3a,Dragon,Brass Dragon,10,Rank 0,10d2+2,2022-06-28 10:22:07,20.67,20.51,20.87
62bb38bfe3bf39677e396a3b,Fey,Ice Spirit,17,Rank 0,17d2,2022-06-28 10:22:07,34.43,33.35,34.36
62bb38bfe3bf39677e396a3c,Demonic,Night Hag,11,Rank 1,11d4+4,2022-06-28 10:22:07,44.86,45.3,44.73
62bb38bfe3bf39677e396a3d,Dragon,Gold Wyrmling,1,Rank 5,1d12+1,2022-06-28 10:22:07,10.39,7.3,16.6
62bb38bfe3bf39677e396a3e,Fey,Emerald Archfey,12,Rank 3,12d8+4,2022-06-28 10:22:07,92.19,92.4,93.87
62bb38bfe3bf39677e396a3f,Devilkin,Pit Lord,5,Rank 1,5d4,2022-06-28 10:22:07,21.67,20.91,19.55
62bb38bfe3bf39677e396a40,Dragon,Faerie Dragon,5,Rank 2,5d6,2022-06-28 10:22:07,31.9,30.08,28.16
62bb38bfe3bf39677e396a41,Fey,Green Faerie,16,Rank 3,16d8+2,2022-06-28 10:22:07,130.1,127.05,126.3
62bb38bfe3bf39677e396a42,Demonic,Imp,3,Rank 3,3d8+1,2022-06-28 10:22:07,21.06,25.19,26.41
62bb38bfe3bf39677e396a43,Undead,Lich,3,Rank 2,3d6+5,2022-06-28 10:22:07,19.45,17.72,15.48
62bb38bfe3bf39677e396a44,Elemental,Efreeti,1,Rank 3,1d8,2022-06-28 10:22:07,7.65,11.99,6.53
62bb38bfe3bf39677e396a45,Dragon,Copper Wyrmling,15,Rank 2,15d6+1,2022-06-28 10:22:07,88.49,88.09,87.97
62bb38bfe3bf39677e396a46,Fey,Mud Spirit,8,Rank 4,8d10+4,2022-06-28 10:22:07,80.44,82.05,75.82
62bb38bfe3bf39677e396a47,Demonic,Imp,16,Rank 0,16d2+2,2022-06-28 10:22:07,32.03,31.03,32.91
62bb38bfe3bf39677e396a48,Undead,Lich,4,Rank 0,4d2+2,2022-06-28 10:22:07,7.5,7.36,8.83
62bb38bfe3bf39677e396a49,Demonic,Balor,7,Rank 1,7d4+3,2022-06-28 10:22:07,28.85,28.8,29.41
62bb38bfe3bf39677e396a4a,Dragon,Emerald Drake,5,Rank 1,5d4+2,2022-06-28 10:22:07,20.98,20.32,18.7
62bb38bfe3bf39677e396a4b,Elemental,Smoke Mephit,4,Rank 5,4d12+1,2022-06-28 10:22:07,49.06,43.94,51.08
62bb38bfe3bf39677e396a4c,Dragon,Sapphire Wyrmling,3,Rank 4,3d10+2,2022-06-28 10:22:07,29.73,30.09,25.18
62bb38bfe3bf39677e396a4d,Fey,Ice Archfey,8,Rank 2,8d6+4,2022-06-28 10:22:07,48.84,49.28,46.81
62bb38bfe3bf39677e396a4e,Devilkin,Succubus,4,Rank 0,4d2,2022-06-28 10:22:07,8.06,8.52,7.18
62bb38bfe3bf39677e396a4f,Undead,Skeletal Mage,19,Rank 1,19d4+2,2022-06-28 10:22:07,74.32,75.6,76.71
62bb38bfe3bf39677e396a50,Elemental,Efreeti,11,Rank 0,11d2,2022-06-28 10:22:07,21.5,21.74,22.45
62bb38bfe3bf39677e396a51,Devilkin,Kobold Archer,2,Rank 1,2d4+4,2022-06-28 10:22:07,9.48,7.54,6.42
62bb38bfe3bf39677e396a52,Undead,Mummy Lord,3,Rank 1,3d4+3,2022-06-28 10:22:07,13.46,13.28,11.71
62bb38bfe3bf39677e396a53,Elemental,Mud Mephit,7,Rank 2,7d6+1,2022-06-28 10:22:07,43.94,42.1,41.07
62bb38bfe3bf39677e396a54,Dragon,Copper Wyrmling,2,Rank 1,2d4,2022-06-28 10:22:07,8.55,7.49,7.27
62bb38bfe3bf39677e396a55,Elemental,Djinni,10,Rank 1,10d4+1,2022-06-28 10:22:07,41.12,40.52,40.41
62bb38bfe3bf39677e396a56,Devilkin,Prince of Fear,8,Rank 3,8d8+1,2022-06-28 10:22:07,61.09,63.16,61.22
62bb38bfe3bf39677e396a57,Undead,Death Knight,2,Rank 1,2d4+1,2022-06-28 10:22:07,6.89,8.5,9.08
62bb38bfe3bf39677e396a58,Elemental,Steam Mephit,5,Rank 2,5d6+1,2022-06-28 10:22:07,28.16,29.73,32.18
62bb38bfe3bf39677e396a59,Devilkin,Kobold Knight,6,Rank 1,6d4+1,2022-06-28 10:22:07,25.86,23.96,24.51
62bb38bfe3bf39677e396a5a,Undead,Demilich,3,Rank 0,3d2+4,2022-06-28 10:22:07,6.26,5.79,6.56
62bb38bfe3bf39677e396a5b,Elemental,Efreeti,4,Rank 0,4d2+2,2022-06-28 10:22:07,7.57,7.05,7.14
62bb38bfe3bf39677e396a5c,Devilkin,Goblin Guard,15,Rank 3,15d8+1,2022-06-28 10:22:07,117.99,120.35,118.26
62bb38bfe3bf39677e396a5d,Dragon,Faerie Dragon,13,Rank 2,13d6+2,2022-06-28 10:22:07,75.46,75.34,78.85
62bb38bfe3bf39677e396a5e,Elemental,Efreeti,6,Rank 3,6d8+2,2022-06-28 10:22:07,50.87,46.76,45.24
62bb38bfe3bf39677e396a5f,Devilkin,Succubus,3,Rank 2,3d6,2022-06-28 10:22:07,19.61,20.42,20.16
62bb38bfe3bf39677e396a60,Undead,Poltergeist,5,Rank 1,5d4,2022-06-28 10:22:07,21.46,18.12,21.17
62bb38bfe3bf39677e396a61,Elemental,Efreeti,4,Rank 3,4d8+1,2022-06-28 10:22:07,28.97,34.36,33.14
62bb38bfe3bf39677e396a62,Devilkin,Pit Lord,16,Rank 0,16d2+5,2022-06-28 10:22:07,31.69,32.95,32.47
62bb38bfe3bf39677e396a63,Undead,Demilich,11,Rank 2,11d6,2022-06-28 10:22:07,66.59,64.69,66.47
62bb38bfe3bf39677e396a64,Elemental,Shadow Mephit,6,Rank 1,6d4,2022-06-28 10:22:07,24.36,24.62,25.94
62bb38bfe3bf39677e396a65,Devilkin,Prince of Fear,6,Rank 4,6d10+4,2022-06-28 10:22:07,55.07,57.35,61.49
62bb38bfe3bf39677e396a66,Undead,Zombie Villager,13,Rank 3,13d8+1,2022-06-28 10:22:07,101.5,105.17,102.69
62bb38bfe3bf39677e396a67,Elemental,Ice Mephit,15,Rank 2,15d6+1,2022-06-28 10:22:07,91.85,89.77,89.95
62bb38bfe3bf39677e396a68,Dragon,White Dragon,9,Rank 0,9d2+1,2022-06-28 10:22:07,18.77,17.16,17.61
62bb38bfe3bf39677e396a69,Fey,Green Faerie,1,Rank 5,1d12+3,2022-06-28 10:22:07,15.5,10.51,9.11
62bb38bfe3bf39677e396a6a,Demonic,Hell Hound,5,Rank 4,5d10+1,2022-06-28 10:22:07,53.05,48.76,51.94
62bb38bfe3bf39677e396a6b,Devilkin,Incubus,12,Rank 0,12d2+2,2022-06-28 10:22:07,24.05,23.96,24.79
62bb38bfe3bf39677e396a6c,Undead,Lich King,12,Rank 0,12d2,2022-06-28 10:22:07,23.16,24.0,23.94
62bb38bfe3bf39677e396a6d,Elemental,Efreeti,10,Rank 1,10d4+2,2022-06-28 10:22:07,41.22,39.83,40.02
62bb38bfe3bf39677e396a6e,Devilkin,Goblin Mage,6,Rank 3,6d8+1,2022-06-28 10:22:07,51.36,44.37,47.26
62bb38bfe3bf39677e396a6f,Undead,Vampire,5,Rank 4,5d10,2022-06-28 10:22:07,46.37,51.32,47.88
62bb38bfe3bf39677e396a70,Fey,Steam Spirit,1,Rank 1,1d4,2022-06-28 10:22:07,4.48,3.03,4.74
62bb38bfe3bf39677e396a71,Demonic,Imp,5,Rank 1,5d4,2022-06-28 10:22:07,18.77,20.86,19.87
62bb38bfe3bf39677e396a72,Devilkin,Kobold Guard,14,Rank 1,14d4,2022-06-28 10:22:07,55.79,54.2,55.22
62bb38bfe3bf39677e396a73,Undead,Ghoul,2,Rank 2,2d6+1,2022-06-28 10:22:07,12.17,11.92,12.38
62bb38bfe3bf39677e396a74,Fey,Lightning Spirit,5,Rank 4,5d10+2,2022-06-28 10:22:07,53.73,49.49,50.56
62bb38bfe3bf39677e396a75,Devilkin,Kobold Villager,9,Rank 0,9d2+5,2022-06-28 10:22:07,17.09,18.29,18.17
62bb38bfe3bf39677e396a76,Dragon,Copper Dragon,6,Rank 3,6d8+2,2022-06-28 10:22:07,45.18,48.39,46.19
62bb38bfe3bf39677e396a77,Elemental,Mud Mephit,2,Rank 0,2d2,2022-06-28 10:22:07,4.38,3.13,3.3
62bb38bfe3bf39677e396a78,Dragon,Wyvern,7,Rank 0,7d2+1,2022-06-28 10:22:07,13.07,13.28,13.55
62bb38bfe3bf39677e396a79,Fey,Emerald Archfey,4,Rank 2,4d6,2022-06-28 10:22:07,24.07,25.79,22.64
62bb38bfe3bf39677e396a7a,Elemental,Efreeti,3,Rank 1,3d4+2,2022-06-28 10:22:07,13.71,11.14,11.65
62bb38bfe3bf39677e396a7b,Devilkin,Kobold Mage,7,Rank 0,7d2+2,2022-06-28 10:22:07,13.61,13.74,14.97
62bb38bfe3bf39677e396a7c,Undead,Revenant,8,Rank 2,8d6+2,2022-06-28 10:22:07,49.01,49.97,50.06
62bb38bfe3bf39677e396a7d,Demonic,Hook Horror,11,Rank 1,11d4+3,2022-06-28 10:22:07,44.86,43.93,45.22
62bb38bfe3bf39677e396a7e,Undead,Vampire,9,Rank 2,9d6+2,2022-06-28 10:22:07,54.76,54.18,56.29
62bb38bfe3bf39677e396a7f,Demonic,Ruby Demon,14,Rank 2,14d6+1,2022-06-28 10:22:07,83.51,84.73,85.43
62bb38bfe3bf39677e396a80,Dragon,Green Drake,9,Rank 0,9d2+1,2022-06-28 10:22:07,18.02,17.98,18.58
62bb38bfe3bf39677e396a81,Undead,Ghoul,1,Rank 4,1d10+3,2022-06-28 10:22:07,12.08,9.4,7.03
62bb38bfe3bf39677e396a82,Demonic,Imp,11,Rank 1,11d4,2022-06-28 10:22:07,44.81,43.57,42.29
62bb38bfe3bf39677e396a83,Dragon,Prismatic Wyrmling,5,Rank 0,5d2+2,2022-06-28 10:22:07,9.39,10.21,10.94
62bb38bfe3bf39677e396a84,Undead,Poltergeist,6,Rank 3,6d8+1,2022-06-28 10:22:07,45.19,47.84,50.9
62bb38bfe3bf39677e396a85,Elemental,Djinni,8,Rank 1,8d4+1,2022-06-28 10:22:07,30.71,32.47,31.1
62bb38bfe3bf39677e396a86,Devilkin,Goblin Archer,4,Rank 1,4d4,2022-06-28 10:22:07,14.63,15.81,14.9
62bb38bfe3bf39677e396a87,Fey,Smoke Archfey,16,Rank 3,16d8+1,2022-06-28 10:22:07,130.71,129.31,127.64
62bb38bfe3bf39677e396a88,Elemental,Djinni,3,Rank 2,3d6+2,2022-06-28 10:22:07,16.71,18.52,19.13
62bb38bfe3bf39677e396a89,Devilkin,Pit Lord,1,Rank 2,1d6+2,2022-06-28 10:22:07,6.85,4.46,5.6
62bb38bfe3bf39677e396a8a,Dragon,Faerie Dragon,4,Rank 1,4d4+3,2022-06-28 10:22:07,14.38,15.59,15.86
62bb38bfe3bf39677e396a8b,Fey,Bronze Faerie,15,Rank 2,15d6,2022-06-28 10:22:07,91.28,89.33,91.76
62bb38bfe3bf39677e396a8c,Devilkin,Lightning Devil,17,Rank 1,17d4+4,2022-06-28 10:22:07,68.66,67.75,68.7
62bb38bfe3bf39677e396a8d,Undead,Ghostly Knight,10,Rank 1,10d4+2,2022-06-28 10:22:07,40.79,41.77,40.98
62bb38bfe3bf39677e396a8e,Elemental,Dust Mephit,4,Rank 0,4d2+5,2022-06-28 10:22:07,8.27,7.64,7.37
62bb38bfe3bf39677e396a8f,Devilkin,Kobold Mage,7,Rank 1,7d4+2,2022-06-28 10:22:07,28.93,29.92,28.03
62bb38bfe3bf39677e396a90,Undead,Ghoul,3,Rank 3,3d8+1,2022-06-28 10:22:07,22.38,21.34,23.73
62bb38bfe3bf39677e396a91,Elemental,Magma Elemental,13,Rank 0,13d2+2,2022-06-28 10:22:07,25.61,25.52,25.64
62bb38bfe3bf39677e396a92,Dragon,Faerie Dragon,4,Rank 2,4d6,2022-06-28 10:22:07,26.82,24.79,23.36
62bb38bfe3bf39677e396a93,Undead,Banshee,3,Rank 0,3d2,2022-06-28 10:22:07,5.04,5.03,5.37
62bb38bfe3bf39677e396a94,Demonic,Quasit,3,Rank 3,3d8+1,2022-06-28 10:22:07,25.49,20.67,25.92
62bb38bfe3bf39677e396a95,Devilkin,Lightning Devil,5,Rank 0,5d2+2,2022-06-28 10:22:07,9.57,10.63,10.65
62bb38bfe3bf39677e396a96,Undead,Mummy,10,Rank 1,10d4,2022-06-28 10:22:07,39.14,38.34,39.72
62bb38bfe3bf39677e396a97,Demonic,Silver Demon,6,Rank 1,6d4+3,2022-06-28 10:22:07,23.07,23.72,23.66
62bb38bfe3bf39677e396a98,Dragon,Faerie Dragon,17,Rank 0,17d2+4,2022-06-28 10:22:07,34.63,33.89,34.21
62bb38bfe3bf39677e396a99,Fey,Dust Spirit,7,Rank 0,7d2+1,2022-06-28 10:22:07,14.67,14.69,13.72
62bb38bfe3bf39677e396a9a,Devilkin,Goblin Guard,9,Rank 2,9d6+3,2022-06-28 10:22:07,51.25,52.8,55.86
62bb38bfe3bf39677e396a9b,Undead,Ghostly Archer,10,Rank 0,10d2+3,2022-06-28 10:22:07,19.91,19.84,19.41
62bb38bfe3bf39677e396a9c,Fey,Magma Spirit,11,Rank 2,11d6+2,2022-06-28 10:22:07,64.44,67.93,65.87
62bb38bfe3bf39677e396a9d,Elemental,Djinni,4,Rank 4,4d10+1,2022-06-28 10:22:07,36.03,42.28,39.85
62bb38bfe3bf39677e396a9e,Dragon,Faerie Dragon,1,Rank 3,1d8+5,2022-06-28 10:22:07,8.92,6.09,6.86
62bb38bfe3bf39677e396a9f,Fey,Emerald Archfey,2,Rank 0,2d2+1,2022-06-28 10:22:07,3.68,4.95,4.65
62bb38bfe3bf39677e396aa0,Elemental,Shadow Elemental,7,Rank 3,7d8+2,2022-06-28 10:22:07,57.21,53.95,53.0
62bb38bfe3bf39677e396aa1,Devilkin,Prince of Fear,2,Rank 4,2d10+3,2022-06-28 10:22:07,22.07,20.84,19.91
62bb38bfe3bf39677e396aa2,Undead,Lich King,5,Rank 2,5d6+3,2022-06-28 10:22:07,27.4,29.2,29.12
62bb38bfe3bf39677e396aa3,Demonic,Pit Fiend,12,Rank 1,12d4+1,2022-06-28 10:22:07,48.81,48.88,47.12
62bb38bfe3bf39677e396aa4,Dragon,Brass Drake,10,Rank 2,10d6,2022-06-28 10:22:07,58.74,62.6,61.57
62bb38bfe3bf39677e396aa5,Elemental,Ice Elemental,1,Rank 2,1d6+3,2022-06-28 10:22:07,4.68,6.11,8.57
62bb38bfe3bf39677e396aa6,Demonic,Nightmare,3,Rank 2,3d6+3,2022-06-28 10:22:07,20.91,16.62,16.36
62bb38bfe3bf39677e396aa7,Dragon,Wyvern,4,Rank 1,4d4+1,2022-06-28 10:22:07,15.68,15.91,16.85
62bb38bfe3bf39677e396aa8,Undead,Mummy Lord,12,Rank 2,12d6+1,2022-06-28 10:22:07,72.85,73.47,72.81
62bb38bfe3bf39677e396aa9,Elemental,Steam Elemental,4,Rank 3,4d8,2022-06-28 10:22:07,31.29,33.25,33.62
62bb38bfe3bf39677e396aaa,Devilkin,Succubus,2,Rank 1,2d4+1,2022-06-28 10:22:07,9.65,8.64,8.88
62bb38bfe3bf39677e396aab,Undead,Ghostly Knight,8,Rank 2,8d6+1,2022-06-28 10:22:07,46.16,49.23,47.21
62bb38bfe3bf39677e396aac,Demonic,Night Hag,14,Rank 5,14d12+3,2022-06-28 10:22:07,163.64,170.69,172.91
62bb38bfe3bf39677e396aad,Dragon,Silver Dragon,16,Rank 4,16d10+2,2022-06-28 10:22:07,163.29,162.7,163.12
62bb38bfe3bf39677e396aae,Elemental,Shadow Mephit,16,Rank 3,16d8+4,2022-06-28 10:22:07,131.55,131.18,126.48
62bb38bfe3bf39677e396aaf,Devilkin,Spore Devil,3,Rank 2,3d6+1,2022-06-28 10:22:07,16.73,16.05,19.68
62bb38bfe3bf39677e396ab0,Undead,Ghostly Mage,10,Rank 4,10d10+3,2022-06-28 10:22:07,98.76,101.01,100.09
62bb38bfe3bf39677e396ab1,Elemental,Efreeti,7,Rank 0,7d2+1,2022-06-28 10:22:07,13.31,14.78,14.56
62bb38bfe3bf39677e396ab2,Dragon,Pseudodragon,9,Rank 3,9d8+2,2022-06-28 10:22:07,70.53,72.23,72.23
62bb38bfe3bf39677e396ab3,Undead,Ghostly Archer,18,Rank 0,18d2+2,2022-06-28 10:22:07,36.4,36.6,36.31
62bb38bfe3bf39677e396ab4,Demonic,Imp,9,Rank 4,9d10+3,2022-06-28 10:22:07,85.38,93.57,90.72
62bb38bfe3bf39677e396ab5,Undead,Lich,5,Rank 3,5d8+2,2022-06-28 10:22:07,41.71,41.35,39.97
62bb38bfe3bf39677e396ab6,Fey,Flame Archfey,7,Rank 3,7d8+4,2022-06-28 10:22:07,54.84,56.44,52.8
62bb38bfe3bf39677e396ab7,Elemental,Smoke Elemental,4,Rank 2,4d6+1,2022-06-28 10:22:07,23.6,26.37,26.52
62bb38bfe3bf39677e396ab8,Devilkin,Prince of Fear,17,Rank 0,17d2+1,2022-06-28 10:22:07,34.32,33.47,34.44
62bb38bfe3bf39677e396ab9,Undead,Lich,13,Rank 0,13d2+1,2022-06-28 10:22:07,26.14,25.96,25.09
62bb38bfe3bf39677e396aba,Elemental,Ice Elemental,15,Rank 0,15d2+2,2022-06-28 10:22:07,30.37,29.73,29.14
62bb38bfe3bf39677e396abb,Demonic,Hook Horror,6,Rank 3,6d8,2022-06-28 10:22:07,48.22,49.62,49.93
62bb38bfe3bf39677e396abc,Dragon,Red Dragon,5,Rank 2,5d6+2,2022-06-28 10:22:07,31.16,28.26,28.8
62bb38bfe3bf39677e396abd,Fey,White Archfey,6,Rank 1,6d4+3,2022-06-28 10:22:07,24.1,24.84,24.87
62bb38bfe3bf39677e396abe,Demonic,Quasit,11,Rank 3,11d8+2,2022-06-28 10:22:07,85.94,84.09,88.23
62bb38bfe3bf39677e396abf,Dragon,Pseudodragon,11,Rank 0,11d2+1,2022-06-28 10:22:07,22.38,22.5,22.15
62bb38bfe3bf39677e396ac0,Undead,Vampire,15,Rank 0,15d2+1,2022-06-28 10:22:07,29.19,29.96,30.88
62bb38bfe3bf39677e396ac1,Fey,Flame Spirit,3,Rank 3,3d8+3,2022-06-28 10:22:07,20.35,25.72,25.12
62bb38bfe3bf39677e396ac2,Demonic,Pit Fiend,11,Rank 0,11d2+1,2022-06-28 10:22:07,21.54,21.48,22.44
62bb38bfe3bf39677e396ac3,Dragon,Faerie Dragon,8,Rank 1,8d4,2022-06-28 10:22:07,31.97,31.08,31.9
62bb38bfe3bf39677e396ac4,Fey,Shadow Spirit,1,Rank 3,1d8,2022-06-28 10:22:07,5.22,7.23,9.12
62bb38bfe3bf39677e396ac5,Demonic,Balor,2,Rank 0,2d2+2,2022-06-28 10:22:07,3.48,4.62,4.36
62bb38bfe3bf39677e396ac6,Dragon,Wyvern,2,Rank 1,2d4+2,2022-06-28 10:22:07,8.7,6.97,6.54
62bb38bfe3bf39677e396ac7,Fey,Ice Archfey,8,Rank 1,8d4+2,2022-06-28 10:22:07,31.97,33.1,32.64
62bb38bfe3bf39677e396ac8,Devilkin,Kobold Villager,6,Rank 0,6d2+2,2022-06-28 10:22:07,12.61,11.54,11.48
62bb38bfe3bf39677e396ac9,Fey,Flame Spirit,8,Rank 1,8d4+2,2022-06-28 10:22:07,31.14,33.61,31.56
62bb38bfe3bf39677e396aca,Devilkin,Steam Devil,3,Rank 1,3d4+1,2022-06-28 10:22:07,10.15,11.88,12.87
62bb38bfe3bf39677e396acb,Fey,Brass Archfey,4,Rank 0,4d2,2022-06-28 10:22:07,7.17,7.98,7.52
62bb38bfe3bf39677e396acc,Demonic,Balor,1,Rank 3,1d8,2022-06-28 10:22:07,5.25,9.37,5.54
62bb38bfe3bf39677e396acd,Dragon,Faerie Dragon,2,Rank 3,2d8+2,2022-06-28 10:22:07,15.78,14.16,17.3
62bb38bfe3bf39677e396ace,Undead,Death Knight,13,Rank 3,13d8,2022-06-28 10:22:07,106.14,104.17,104.25
62bb38bfe3bf39677e396acf,Elemental,Lightning Elemental,5,Rank 0,5d2+1,2022-06-28 10:22:07,10.09,9.69,9.17
62bb38bfe3bf39677e396ad0,Devilkin,Mud Devil,6,Rank 0,6d2+1,2022-06-28 10:22:07,11.41,12.7,12.19
62bb38bfe3bf39677e396ad1,Undead,Vampire,4,Rank 0,4d2+2,2022-06-28 10:22:07,7.9,8.6,8.6
62bb38bfe3bf39677e396ad2,Elemental,Shadow Mephit,8,Rank 1,8d4+2,2022-06-28 10:22:07,32.14,31.11,31.33
62bb38bfe3bf39677e396ad3,Devilkin,Goblin Mage,3,Rank 2,3d6+4,2022-06-28 10:22:07,17.36,15.19,16.71
62bb38bfe3bf39677e396ad4,Undead,Dracolich,17,Rank 3,17d8+1,2022-06-28 10:22:07,132.05,138.16,137.08
62bb38bfe3bf39677e396ad5,Elemental,Spore Mephit,12,Rank 1,12d4,2022-06-28 10:22:07,46.23,47.57,47.45
62bb38bfe3bf39677e396ad6,Devilkin,Kobold Archer,6,Rank 4,6d10,2022-06-28 10:22:07,64.64,62.16,59.83
62bb38bfe3bf39677e396ad7,Undead,Wight,4,Rank 0,4d2+1,2022-06-28 10:22:07,8.25,7.82,8.68
62bb38bfe3bf39677e396ad8,Elemental,Efreeti,3,Rank 0,3d2+2,2022-06-28 10:22:07,6.99,6.95,6.81
62bb38bfe3bf39677e396ad9,Devilkin,Goblin Villager,9,Rank 0,9d2+4,2022-06-28 10:22:07,18.95,17.85,17.59
62bb38bfe3bf39677e396ada,Dragon,Gold Dragon,2,Rank 3,2d8+1,2022-06-28 10:22:07,13.65,15.08,19.75
62bb38bfe3bf39677e396adb,Undead,Death Knight,4,Rank 3,4d8+4,2022-06-28 10:22:07,35.48,34.52,30.3
62bb38bfe3bf39677e396adc,Elemental,Mud Mephit,3,Rank 2,3d6+3,2022-06-28 10:22:07,18.51,18.98,18.73
62bb38bfe3bf39677e396add,Demonic,Night Hag,5,Rank 4,5d10+2,2022-06-28 10:22:07,45.79,52.97,51.73
62bb38bfe3bf39677e396ade,Devilkin,Pit Lord,4,Rank 3,4d8+1,2022-06-28 10:22:07,33.46,32.41,30.31
62bb38bfe3bf39677e396adf,Undead,Death Knight,6,Rank 4,6d10+2,2022-06-28 10:22:07,61.44,64.77,61.83
62bb38bfe3bf39677e396ae0,Elemental,Smoke Mephit,5,Rank 3,5d8,2022-06-28 10:22:07,41.27,39.45,41.68
62bb38bfe3bf39677e396ae1,Dragon,Wyvern,5,Rank 3,5d8+1,2022-06-28 10:22:07,38.4,39.42,39.19
62bb38bfe3bf39677e396ae2,Undead,Lich,14,Rank 0,14d2,2022-06-28 10:22:07,28.68,28.6,28.0
62bb38bfe3bf39677e396ae3,Elemental,Dust Mephit,9,Rank 1,9d4+3,2022-06-28 10:22:07,37.69,36.1,35.42
62bb38bfe3bf39677e396ae4,Devilkin,Succubus,5,Rank 3,5d8+2,2022-06-28 10:22:07,42.46,38.2,43.74
62bb38bfe3bf39677e396ae5,Dragon,Faerie Dragon,15,Rank 3,15d8+1,2022-06-28 10:22:07,119.35,118.14,122.12
62bb38bfe3bf39677e396ae6,Fey,Red Faerie,10,Rank 0,10d2,2022-06-28 10:22:07,20.41,19.01,19.9
62bb38bfe3bf39677e396ae7,Demonic,Night Hag,3,Rank 2,3d6+1,2022-06-28 10:22:07,16.0,16.47,17.33
62bb38bfe3bf39677e396ae8,Devilkin,Pit Lord,10,Rank 5,10d12+1,2022-06-28 10:22:07,118.52,119.08,122.96
62bb38bfe3bf39677e396ae9,Fey,Steam Archfey,15,Rank 2,15d6+3,2022-06-28 10:22:07,90.24,87.01,90.26
62bb38bfe3bf39677e396aea,Demonic,Nightmare,13,Rank 2,13d6,2022-06-28 10:22:07,78.4,75.42,79.37
62bb38bfe3bf39677e396aeb,Undead,Mummy Lord,4,Rank 4,4d10+3,2022-06-28 10:22:07,43.67,38.95,41.12
62bb38bfe3bf39677e396aec,Fey,Lightning Spirit,7,Rank 1,7d4,2022-06-28 10:22:07,27.58,26.27,28.35
62bb38bfe3bf39677e396aed,Demonic,Balor,8,Rank 2,8d6+3,2022-06-28 10:22:07,45.24,48.74,50.72
62bb38bfe3bf39677e396aee,Dragon,Wyvern,3,Rank 3,3d8+2,2022-06-28 10:22:07,21.22,22.06,20.95
62bb38bfe3bf39677e396aef,Fey,Ice Spirit,4,Rank 4,4d10+1,2022-06-28 10:22:07,43.83,40.08,38.6
62bb38bfe3bf39677e396af0,Demonic,Pit Fiend,10,Rank 0,10d2+2,2022-06-28 10:22:07,20.78,19.1,19.24
62bb38bfe3bf39677e396af1,Dragon,Wyvern,17,Rank 1,17d4+3,2022-06-28 10:22:07,67.49,69.3,68.49
62bb38bfe3bf39677e396af2,Fey,Flame Spirit,6,Rank 2,6d6+4,2022-06-28 10:22:07,34.83,35.53,35.87
62bb38bfe3bf39677e396af3,Devilkin,Magma Devil,9,Rank 1,9d4+1,2022-06-28 10:22:07,36.67,37.83,35.1
62bb38bfe3bf39677e396af4,Undead,Lich,4,Rank 2,4d6+2,2022-06-28 10:22:07,25.35,25.72,23.2
62bb38bfe3bf39677e396af5,Demonic,Balor,18,Rank 2,18d6+1,2022-06-28 10:22:07,110.73,106.45,108.19
62bb38bfe3bf39677e396af6,Undead,Demilich,2,Rank 2,2d6+2,2022-06-28 10:22:07,10.36,14.97,14.03
62bb38bfe3bf39677e396af7,Fey,Spore Spirit,11,Rank 4,11d10+1,2022-06-28 10:22:07,108.15,106.74,105.33
62bb38bfe3bf39677e396af8,Elemental,Djinni,9,Rank 2,9d6+1,2022-06-28 10:22:07,52.13,55.06,52.99
62bb38bfe3bf39677e396af9,Demonic,Hook Horror,8,Rank 0,8d2+3,2022-06-28 10:22:07,15.96,16.66,16.78
62bb38bfe3bf39677e396afa,Undead,Banshee,17,Rank 4,17d10+2,2022-06-28 10:22:07,167.66,168.95,172.19
62bb38bfe3bf39677e396afb,Elemental,Mud Elemental,11,Rank 0,11d2+3,2022-06-28 10:22:07,21.82,22.24,22.45
62bb38bfe3bf39677e396afc,Devilkin,Succubus,4,Rank 3,4d8+1,2022-06-28 10:22:07,32.56,34.56,30.35
62bb38bfe3bf39677e396afd,Fey,Brass Faerie,7,Rank 5,7d12+1,2022-06-28 10:22:07,83.62,85.92,79.79
62bb38bfe3bf39677e396afe,Demonic,Pit Fiend,6,Rank 0,6d2+1,2022-06-28 10:22:07,12.16,12.66,12.75
62bb38bfe3bf39677e396aff,Dragon,Prismatic Dragon,3,Rank 2,3d6+2,2022-06-28 10:22:07,17.25,20.35,17.44
62bb38bfe3bf39677e396b00,Fey,Blue Archfey,7,Rank 5,7d12+2,2022-06-28 10:22:07,86.34,82.65,86.81
62bb38bfe3bf39677e396b01,Elemental,Efreeti,17,Rank 0,17d2+1,2022-06-28 10:22:07,33.45,33.45,34.66
62bb38bfe3bf39677e396b02,Devilkin,Kobold Knight,16,Rank 1,16d4+3,2022-06-28 10:22:07,63.53,63.66,63.47
62bb38bfe3bf39677e396b03,Undead,Zombie Guard,12,Rank 3,12d8+5,2022-06-28 10:22:07,93.6,96.14,97.86
62bb38bfe3bf39677e396b04,Elemental,Smoke Elemental,10,Rank 3,10d8+5,2022-06-28 10:22:07,84.0,79.97,80.12
62bb38bfe3bf39677e396b05,Devilkin,Prince of Fear,12,Rank 1,12d4+4,2022-06-28 10:22:07,47.02,47.25,47.12
62bb38bfe3bf39677e396b06,Dragon,Sapphire Drake,8,Rank 1,8d4+3,2022-06-28 10:22:07,32.47,32.68,30.73
62bb38bfe3bf39677e396b07,Fey,Lightning Archfey,3,Rank 0,3d2,2022-06-28 10:22:07,5.15,6.76,6.63
62bb38bfe3bf39677e396b08,Elemental,Efreeti,8,Rank 2,8d6+1,2022-06-28 10:22:07,47.21,47.11,49.98
62bb38bfe3bf39677e396b09,Demonic,Nightmare,2,Rank 2,2d6+1,2022-06-28 10:22:07,10.63,10.9,10.99
62bb38bfe3bf39677e396b0a,Undead,Wight,6,Rank 0,6d2,2022-06-28 10:22:07,11.07,11.49,12.69
62bb38bfe3bf39677e396b0b,Elemental,Efreeti,10,Rank 2,10d6+1,2022-06-28 10:22:07,58.42,58.11,57.56
62bb38bfe3bf39677e396b0c,Devilkin,Prince of Fear,4,Rank 3,4d8,2022-06-28 10:22:07,33.23,31.44,32.02
62bb38bfe3bf39677e396b0d,Undead,Vampire,3,Rank 0,3d2+2,2022-06-28 10:22:07,5.86,5.47,5.47
62bb38bfe3bf39677e396b0e,Elemental,Spore Elemental,16,Rank 3,16d8,2022-06-28 10:22:07,127.93,126.46,129.7
62bb38bfe3bf39677e396b0f,Dragon,Pseudodragon,2,Rank 0,2d2+1,2022-06-28 10:22:07,4.97,4.22,4.16
62bb38bfe3bf39677e396b10,Fey,Flame Spirit,10,Rank 0,10d2+2,2022-06-28 10:22:07,19.59,20.93,20.55
62bb38bfe3bf39677e396b11,Elemental,Smoke Mephit,3,Rank 3,3d8+1,2022-06-28 10:22:07,20.29,24.94,21.43
62bb38bfe3bf39677e396b12,Devilkin,Goblin Archer,5,Rank 3,5d8,2022-06-28 10:22:07,36.06,40.04,41.36
62bb38bfe3bf39677e396b13,Undead,Dracolich,12,Rank 0,12d2+2,2022-06-28 10:22:07,23.09,23.21,23.64
62bb38bfe3bf39677e396b14,Elemental,Djinni,6,Rank 0,6d2,2022-06-28 10:22:07,11.58,11.71,12.28
62bb38bfe3bf39677e396b15,Dragon,Pseudodragon,4,Rank 0,4d2,2022-06-28 10:22:07,7.74,8.11,8.85
62bb38bfe3bf39677e396b16,Fey,Onyx Faerie,4,Rank 0,4d2+1,2022-06-28 10:22:07,7.83,7.86,7.24
62bb38bfe3bf39677e396b17,Demonic,Nightmare,1,Rank 1,1d4,2022-06-28 10:22:07,2.43,5.93,3.81
62bb38bfe3bf39677e396b18,Dragon,Wyvern,6,Rank 0,6d2,2022-06-28 10:22:07,12.85,12.02,12.13
62bb38bfe3bf39677e396b19,Undead,Death Knight,5,Rank 0,5d2+1,2022-06-28 10:22:07,9.72,9.36,10.81
62bb38bfe3bf39677e396b1a,Elemental,Ice Elemental,3,Rank 0,3d2+5,2022-06-28 10:22:07,5.85,5.04,5.93
62bb38bfe3bf39677e396b1b,Devilkin,Incubus,4,Rank 0,4d2,2022-06-28 10:22:07,7.48,7.63,8.17
62bb38bfe3bf39677e396b1c,Undead,Ghostly Knight,6,Rank 3,6d8,2022-06-28 10:22:07,50.96,45.05,48.39
62bb38bfe3bf39677e396b1d,Demonic,Pit Fiend,16,Rank 0,16d2+1,2022-06-28 10:22:07,31.55,32.36,32.91
62bb38bfe3bf39677e396b1e,Dragon,Faerie Dragon,7,Rank 2,7d6+2,2022-06-28 10:22:07,39.85,40.34,40.98
62bb38bfe3bf39677e396b1f,Fey,Black Faerie,2,Rank 1,2d4+1,2022-06-28 10:22:07,7.7,7.35,9.92
62bb38bfe3bf39677e396b20,Demonic,Sapphire Demon,11,Rank 0,11d2+4,2022-06-28 10:22:07,21.64,22.25,22.99
62bb38bfe3bf39677e396b21,Dragon,Faerie Dragon,16,Rank 3,16d8,2022-06-28 10:22:07,128.74,127.12,126.29
62bb38bfe3bf39677e396b22,Elemental,Mud Elemental,6,Rank 0,6d2+1,2022-06-28 10:22:07,12.35,11.21,12.93
62bb38bfe3bf39677e396b23,Demonic,Pit Fiend,8,Rank 1,8d4+1,2022-06-28 10:22:07,32.24,32.85,32.85
62bb38bfe3bf39677e396b24,Devilkin,Kobold Guard,7,Rank 1,7d4+3,2022-06-28 10:22:07,28.4,26.62,26.34
62bb38bfe3bf39677e396b25,Fey,Green Archfey,5,Rank 2,5d6,2022-06-28 10:22:07,31.68,27.72,32.73
62bb38bfe3bf39677e396b26,Demonic,Night Hag,10,Rank 0,10d2+1,2022-06-28 10:22:07,20.54,20.53,19.76
62bb38bfe3bf39677e396b27,Devilkin,Shadow Devil,8,Rank 0,8d2+2,2022-06-28 10:22:07,16.1,16.57,16.4
62bb38bfe3bf39677e396b28,Undead,Revenant,4,Rank 0,4d2,2022-06-28 10:22:07,8.29,7.39,8.25
62bb38bfe3bf39677e396b29,Elemental,Djinni,14,Rank 4,14d10+4,2022-06-28 10:22:07,137.04,139.21,142.83
62bb38bfe3bf39677e396b2a,Devilkin,Spore Devil,3,Rank 3,3d8+2,2022-06-28 10:22:07,20.97,22.9,26.18
62bb38bfe3bf39677e396b2b,Undead,Wraith,5,Rank 0,5d2,2022-06-28 10:22:07,10.87,9.14,9.99
62bb38bfe3bf39677e396b2c,Demonic,Pit Fiend,1,Rank 3,1d8+1,2022-06-28 10:22:07,8.17,5.31,7.77
62bb38bfe3bf39677e396b2d,Undead,Ghostly Villager,11,Rank 3,11d8,2022-06-28 10:22:07,85.76,85.87,91.55
62bb38bfe3bf39677e396b2e,Elemental,Flame Mephit,4,Rank 3,4d8+1,2022-06-28 10:22:07,31.65,31.34,32.72
62bb38bfe3bf39677e396b2f,Devilkin,Kobold Mage,16,Rank 2,16d6+3,2022-06-28 10:22:07,97.26,93.04,95.32
62bb38bfe3bf39677e396b30,Undead,Revenant,9,Rank 4,9d10+1,2022-06-28 10:22:07,86.18,91.27,93.71
62bb38bfe3bf39677e396b31,Demonic,Night Hag,5,Rank 4,5d10+1,2022-06-28 10:22:07,46.74,52.23,50.36
62bb38bfe3bf39677e396b32,Dragon,Gold Dragon,2,Rank 1,2d4+1,2022-06-28 10:22:07,8.21,7.89,8.68
62bb38bfe3bf39677e396b33,Fey,Smoke Archfey,13,Rank 2,13d6+1,2022-06-28 10:22:07,79.42,79.75,79.72
62bb38bfe3bf39677e396b34,Demonic,Quasit,8,Rank 0,8d2+2,2022-06-28 10:22:07,15.52,15.53,16.92
62bb38bfe3bf39677e396b35,Dragon,Pseudodragon,11,Rank 0,11d2+1,2022-06-28 10:22:07,21.25,21.86,21.79
62bb38bfe3bf39677e396b36,Elemental,Djinni,6,Rank 0,6d2+5,2022-06-28 10:22:07,11.11,11.38,12.11
62bb38bfe3bf39677e396b37,Devilkin,Kobold Archer,3,Rank 0,3d2+3,2022-06-28 10:22:07,5.43,5.89,5.43
62bb38bfe3bf39677e396b38,Undead,Vampire,14,Rank 2,14d6+3,2022-06-28 10:22:07,84.87,83.88,85.21
62bb38bfe3bf39677e396b39,Elemental,Lightning Elemental,7,Rank 3,7d8+3,2022-06-28 10:22:07,58.83,55.39,54.27
62bb38bfe3bf39677e396b3a,Demonic,Hook Horror,6,Rank 3,6d8+4,2022-06-28 10:22:07,44.52,46.52,49.49
62bb38bfe3bf39677e396b3b,Devilkin,Prince of Fear,7,Rank 2,7d6+1,2022-06-28 10:22:07,41.21,41.55,41.21
62bb38bfe3bf39677e396b3c,Undead,Banshee,9,Rank 1,9d4+3,2022-06-28 10:22:07,35.67,36.73,34.6
62bb38bfe3bf39677e396b3d,Fey,Ice Spirit,6,Rank 1,6d4+5,2022-06-28 10:22:07,25.71,23.97,22.28
62bb38bfe3bf39677e396b3e,Demonic,Quasit,14,Rank 0,14d2+1,2022-06-28 10:22:07,28.79,27.59,27.1
62bb38bfe3bf39677e396b3f,Dragon,Blue Dragon,8,Rank 2,8d6+3,2022-06-28 10:22:07,48.57,45.82,50.32
62bb38bfe3bf39677e396b40,Fey,Mud Spirit,17,Rank 4,17d10+2,2022-06-28 10:22:07,174.64,166.0,168.34
62bb38bfe3bf39677e396b41,Devilkin,Prince of Fear,11,Rank 4,11d10+2,2022-06-28 10:22:07,113.55,107.65,108.37
62bb38bfe3bf39677e396b42,Dragon,Faerie Dragon,10,Rank 0,10d2+3,2022-06-28 10:22:07,20.53,19.17,20.89
62bb38bfe3bf39677e396b43,Undead,Ghostly Villager,2,Rank 2,2d6,2022-06-28 10:22:07,9.86,10.49,10.77
62bb38bfe3bf39677e396b44,Elemental,Steam Mephit,4,Rank 0,4d2+1,2022-06-28 10:22:07,7.75,8.41,8.17
62bb38bfe3bf39677e396b45,Dragon,Brass Dragon,8,Rank 2,8d6,2022-06-28 10:22:07,50.16,50.79,48.55
62bb38bfe3bf39677e396b46,Elemental,Efreeti,8,Rank 0,8d2,2022-06-28 10:22:07,16.05,16.57,15.46
62bb38bfe3bf39677e396b47,Demonic,Balor,3,Rank 1,3d4,2022-06-28 10:22:07,10.18,10.03,12.33
62bb38bfe3bf39677e396b48,Devilkin,Incubus,9,Rank 3,9d8+1,2022-06-28 10:22:07,68.42,70.03,70.19
62bb38bfe3bf39677e396b49,Undead,Vampire,3,Rank 0,3d2,2022-06-28 10:22:07,6.81,5.78,6.88
62bb38bfe3bf39677e396b4a,Fey,Spore Spirit,2,Rank 1,2d4+3,2022-06-28 10:22:07,8.42,8.42,7.21
62bb38bfe3bf39677e396b4b,Elemental,Djinni,13,Rank 3,13d8,2022-06-28 10:22:07,105.12,100.47,100.77
62bb38bfe3bf39677e396b4c,Devilkin,Incubus,3,Rank 3,3d8,2022-06-28 10:22:07,20.95,21.34,25.56
62bb38bfe3bf39677e396b4d,Undead,Poltergeist,12,Rank 0,12d2+2,2022-06-28 10:22:07,24.44,23.6,24.88
62bb38bfe3bf39677e396b4e,Elemental,Djinni,9,Rank 1,9d4,2022-06-28 10:22:07,35.5,34.6,37.82
62bb38bfe3bf39677e396b4f,Devilkin,Pit Lord,10,Rank 2,10d6,2022-06-28 10:22:07,61.58,61.79,61.29
62bb38bfe3bf39677e396b50,Undead,Ghostly Mage,8,Rank 3,8d8+1,2022-06-28 10:22:07,63.95,67.75,63.96
62bb38bfe3bf39677e396b51,Fey,Onyx Archfey,2,Rank 0,2d2,2022-06-28 10:22:07,3.1,4.04,4.22
62bb38bfe3bf39677e396b52,Devilkin,Pit Lord,13,Rank 1,13d4+2,2022-06-28 10:22:07,51.46,52.61,52.49
62bb38bfe3bf39677e396b53,Undead,Poltergeist,16,Rank 2,16d6+1,2022-06-28 10:22:07,96.86,95.27,93.66
62bb38bfe3bf39677e396b54,Fey,Dust Archfey,16,Rank 3,16d8,2022-06-28 10:22:07,125.99,131.74,125.0
62bb38bfe3bf39677e396b55,Demonic,Quasit,2,Rank 1,2d4+1,2022-06-28 10:22:07,8.05,8.15,7.71
62bb38bfe3bf39677e396b56,Dragon,Black Dragon,3,Rank 0,3d2+4,2022-06-28 10:22:07,6.77,5.09,6.7
62bb38bfe3bf39677e396b57,Elemental,Steam Mephit,3,Rank 2,3d6+1,2022-06-28 10:22:07,15.27,16.02,19.85
62bb38bfe3bf39677e396b58,Demonic,Nightmare,4,Rank 1,4d4,2022-06-28 10:22:07,15.08,14.42,16.49
62bb38bfe3bf39677e396b59,Devilkin,Prince of Fear,9,Rank 0,9d2+5,2022-06-28 10:22:07,17.05,17.57,17.64
62bb38bfe3bf39677e396b5a,Undead,Poltergeist,7,Rank 3,7d8+2,2022-06-28 10:22:07,58.45,53.77,56.13
62bb38bfe3bf39677e396b5b,Elemental,Magma Mephit,2,Rank 0,2d2+1,2022-06-28 10:22:07,3.14,3.7,3.38
62bb38bfe3bf39677e396b5c,Devilkin,Spore Devil,4,Rank 1,4d4+2,2022-06-28 10:22:07,15.79,16.96,16.61
62bb38bfe3bf39677e396b5d,Fey,Sapphire Archfey,5,Rank 2,5d6+1,2022-06-28 10:22:07,31.75,32.8,32.33
62bb38bfe3bf39677e396b5e,Demonic,Quasit,9,Rank 0,9d2+3,2022-06-28 10:22:07,18.81,17.07,17.83
62bb38bfe3bf39677e396b5f,Dragon,Brass Drake,7,Rank 2,7d6+1,2022-06-28 10:22:07,42.53,39.12,41.87
62bb38bfe3bf39677e396b60,Undead,Revenant,4,Rank 0,4d2+1,2022-06-28 10:22:07,8.51,7.54,7.83
62bb38bfe3bf39677e396b61,Elemental,Mud Elemental,2,Rank 2,2d6+4,2022-06-28 10:22:07,9.09,13.8,10.02
62bb38bfe3bf39677e396b62,Devilkin,Prince of Fear,3,Rank 0,3d2+3,2022-06-28 10:22:07,5.93,6.29,5.17
62bb38bfe3bf39677e396b63,Undead,Mummy,4,Rank 3,4d8,2022-06-28 10:22:07,34.6,30.33,28.55
62bb38bfe3bf39677e396b64,Demonic,Imp,10,Rank 2,10d6+1,2022-06-28 10:22:07,59.67,61.72,60.5
62bb38bfe3bf39677e396b65,Dragon,Silver Drake,12,Rank 1,12d4+3,2022-06-28 10:22:07,46.78,48.95,48.24
62bb38bfe3bf39677e396b66,Fey,Lightning Spirit,6,Rank 1,6d4+4,2022-06-28 10:22:07,24.81,24.84,23.55
62bb38bfe3bf39677e396b67,Demonic,Balor,13,Rank 2,13d6,2022-06-28 10:22:07,76.06,76.74,79.15
62bb38bfe3bf39677e396b68,Dragon,Prismatic Drake,3,Rank 2,3d6+1,2022-06-28 10:22:07,18.48,18.55,19.26
62bb38bfe3bf39677e396b69,Elemental,Dust Mephit,9,Rank 1,9d4,2022-06-28 10:22:07,35.49,35.91,36.78
62bb38bfe3bf39677e396b6a,Devilkin,Goblin Archer,15,Rank 4,15d10+3,2022-06-28 10:22:07,152.35,148.94,151.71
62bb38bfe3bf39677e396b6b,Undead,Death Knight,8,Rank 1,8d4+3,2022-06-28 10:22:07,33.83,32.29,31.4
62bb38bfe3bf39677e396b6c,Elemental,Steam Mephit,14,Rank 3,14d8,2022-06-28 10:22:07,109.26,113.93,111.07
62bb38bfe3bf39677e396b6d,Demonic,Night Hag,12,Rank 4,12d10+2,2022-06-28 10:22:07,117.51,124.11,117.21
62bb38bfe3bf39677e396b6e,Dragon,Pseudodragon,8,Rank 3,8d8+4,2022-06-28 10:22:07,62.82,64.32,61.5
62bb38bfe3bf39677e396b6f,Fey,Spore Spirit,6,Rank 0,6d2+2,2022-06-28 10:22:07,11.68,11.22,13.0
62bb38bfe3bf39677e396b70,Demonic,Hell Hound,8,Rank 1,8d4+3,2022-06-28 10:22:07,32.84,32.34,31.06
62bb38bfe3bf39677e396b71,Dragon,Bronze Dragon,2,Rank 0,2d2,2022-06-28 10:22:07,4.98,4.45,3.68
62bb38bfe3bf39677e396b72,Elemental,Ice Elemental,3,Rank 2,3d6+1,2022-06-28 10:22:07,20.83,18.11,19.85
62bb38bfe3bf39677e396b73,Devilkin,Prince of Fear,1,Rank 4,1d10+4,2022-06-28 10:22:07,6.89,12.41,12.32
62bb38bfe3bf39677e396b74,Dragon,Green Drake,13,Rank 1,13d4+1,2022-06-28 10:22:07,53.72,52.97,51.98
62bb38bfe3bf39677e396b75,Fey,Steam Archfey,7,Rank 3,7d8+4,2022-06-28 10:22:07,55.45,55.17,55.2
62bb38bfe3bf39677e396b76,Demonic,Pit Fiend,5,Rank 0,5d2+1,2022-06-28 10:22:07,10.18,10.38,10.05
62bb38bfe3bf39677e396b77,Dragon,Gold Dragon,5,Rank 3,5d8+1,2022-06-28 10:22:07,37.4,40.42,38.32
62bb38bfe3bf39677e396b78,Undead,Dracolich,12,Rank 3,12d8+3,2022-06-28 10:22:07,96.19,99.39,93.74
62bb38bfe3bf39677e396b79,Fey,Blue Faerie,4,Rank 1,4d4+1,2022-06-28 10:22:07,14.26,15.02,14.13
62bb38bfe3bf39677e396b7a,Devilkin,Kobold Villager,7,Rank 0,7d2+1,2022-06-28 10:22:07,14.24,13.85,13.51
62bb38bfe3bf39677e396b7b,Undead,Mummy Lord,2,Rank 4,2d10,2022-06-28 10:22:07,16.09,19.25,17.1
62bb38bfe3bf39677e396b7c,Elemental,Djinni,9,Rank 0,9d2,2022-06-28 10:22:07,17.53,18.11,18.26
62bb38bfe3bf39677e396b7d,Devilkin,Spore Devil,16,Rank 1,16d4,2022-06-28 10:22:07,64.96,63.22,62.46
62bb38bfe3bf39677e396b7e,Undead,Ghoul,15,Rank 0,15d2+3,2022-06-28 10:22:07,29.05,29.27,29.14
62bb38bfe3bf39677e396b7f,Demonic,Quasit,2,Rank 5,2d12+1,2022-06-28 10:22:07,23.14,23.24,21.09
62bb38bfe3bf39677e396b80,Dragon,Green Drake,17,Rank 0,17d2+2,2022-06-28 10:22:07,34.13,33.09,34.35
62bb38bfe3bf39677e396b81,Undead,Revenant,17,Rank 0,17d2+1,2022-06-28 10:22:07,34.18,33.36,33.86
62bb38bfe3bf39677e396b82,Elemental,Efreeti,9,Rank 3,9d8+1,2022-06-28 10:22:07,72.27,70.95,70.12
62bb38bfe3bf39677e396b83,Demonic,Pit Fiend,14,Rank 0,14d2+4,2022-06-28 10:22:07,28.23,27.35,27.33
62bb38bfe3bf39677e396b84,Dragon,Prismatic Drake,5,Rank 0,5d2,2022-06-28 10:22:07,10.74,10.38,10.28
62bb38bfe3bf39677e396b85,Elemental,Efreeti,6,Rank 0,6d2+5,2022-06-28 10:22:07,12.52,12.56,12.26
62bb38bfe3bf39677e396b86,Demonic,Pit Fiend,5,Rank 0,5d2+2,2022-06-28 10:22:07,9.08,9.4,9.04
62bb38bfe3bf39677e396b87,Dragon,Bronze Drake,13,Rank 1,13d4,2022-06-28 10:22:07,51.11,53.92,51.92
62bb38bfe3bf39677e396b88,Elemental,Mud Mephit,10,Rank 0,10d2+3,2022-06-28 10:22:07,20.69,20.71,20.85
62bb38bfe3bf39677e396b89,Dragon,Wyvern,9,Rank 1,9d4+1,2022-06-28 10:22:07,36.86,36.14,37.74
62bb38bfe3bf39677e396b8a,Undead,Death Knight,2,Rank 0,2d2+1,2022-06-28 10:22:07,4.29,3.91,3.69
62bb38bfe3bf39677e396b8b,Elemental,Steam Elemental,11,Rank 2,11d6+1,2022-06-28 10:22:07,65.42,65.05,65.71
62bb38bfe3bf39677e396b8c,Devilkin,Prince of Fear,5,Rank 0,5d2,2022-06-28 10:22:07,10.71,10.03,9.14
62bb38bfe3bf39677e396b8d,Dragon,Faerie Dragon,17,Rank 3,17d8+2,2022-06-28 10:22:07,134.36,132.79,135.97
62bb38bfe3bf39677e396b8e,Undead,Wraith,15,Rank 2,15d6+4,2022-06-28 10:22:07,88.4,87.71,88.11
62bb38bfe3bf39677e396b8f,Fey,Lightning Spirit,13,Rank 2,13d6+2,2022-06-28 10:22:07,78.45,76.71,76.77
62bb38bfe3bf39677e396b90,Elemental,Djinni,6,Rank 2,6d6+2,2022-06-28 10:22:07,37.72,36.37,35.94
62bb38bfe3bf39677e396b91,Devilkin,Pit Lord,10,Rank 4,10d10+3,2022-06-28 10:22:07,96.23,99.54,96.57
62bb38bfe3bf39677e396b92,Dragon,Faerie Dragon,7,Rank 3,7d8+1,2022-06-28 10:22:07,54.33,56.76,55.61
62bb38bfe3bf39677e396b93,Undead,Ghoul,3,Rank 1,3d4+2,2022-06-28 10:22:07,11.47,10.1,11.63
62bb38bfe3bf39677e396b94,Demonic,Balor,5,Rank 0,5d2+2,2022-06-28 10:22:07,10.0,10.15,9.44
62bb38bfe3bf39677e396b95,Devilkin,Pit Lord,4,Rank 0,4d2+2,2022-06-28 10:22:07,8.19,7.77,8.8
62bb38bfe3bf39677e396b96,Undead,Death Knight,1,Rank 0,1d2,2022-06-28 10:22:07,1.34,1.56,1.86
62bb38bfe3bf39677e396b97,Elemental,Djinni,12,Rank 2,12d6+4,2022-06-28 10:22:07,73.05,72.52,72.73
62bb38bfe3bf39677e396b98,Dragon,Silver Dragon,4,Rank 0,4d2+2,2022-06-28 10:22:07,8.67,8.7,8.27
62bb38bfe3bf39677e396b99,Fey,Emerald Archfey,5,Rank 4,5d10+1,2022-06-28 10:22:07,45.13,45.6,47.05
62bb38bfe3bf39677e396b9a,Demonic,Night Hag,1,Rank 0,1d2+2,2022-06-28 10:22:07,2.3,2.5,2.6
62bb38bfe3bf39677e396b9b,Dragon,Brass Wyrmling,15,Rank 1,15d4+1,2022-06-28 10:22:07,58.94,59.57,60.1
62bb38bfe3bf39677e396b9c,Fey,Mud Spirit,4,Rank 1,4d4,2022-06-28 10:22:07,16.46,17.1,16.7
62bb38bfe3bf39677e396b9d,Demonic,Hell Hound,9,Rank 2,9d6+3,2022-06-28 10:22:07,54.97,54.03,56.44
62bb38bfe3bf39677e396b9e,Dragon,Copper Drake,13,Rank 3,13d8+3,2022-06-28 10:22:07,101.76,105.57,107.38
62bb38bfe3bf39677e396b9f,Elemental,Lightning Elemental,2,Rank 0,2d2,2022-06-28 10:22:07,4.75,3.43,4.0
62bb38bfe3bf39677e396ba0,Devilkin,Goblin Mage,4,Rank 2,4d6+5,2022-06-28 10:22:07,25.98,25.9,23.28
62bb38bfe3bf39677e396ba1,Undead,Wraith,3,Rank 1,3d4+1,2022-06-28 10:22:07,10.41,12.89,11.09
62bb38bfe3bf39677e396ba2,Elemental,Mud Elemental,5,Rank 2,5d6+2,2022-06-28 10:22:07,30.78,32.45,28.48
62bb38bfe3bf39677e396ba3,Dragon,Faerie Dragon,12,Rank 0,12d2+5,2022-06-28 10:22:07,24.32,23.66,24.61
62bb38bfe3bf39677e396ba4,Undead,Dracolich,5,Rank 0,5d2+3,2022-06-28 10:22:07,9.73,10.69,9.23
62bb38bfe3bf39677e396ba5,Elemental,Djinni,2,Rank 2,2d6,2022-06-28 10:22:07,12.54,11.69,12.1
62bb38bfe3bf39677e396ba6,Dragon,Wyvern,16,Rank 2,16d6+3,2022-06-28 10:22:07,94.44,93.12,97.22
62bb38bfe3bf39677e396ba7,Fey,Magma Archfey,7,Rank 2,7d6+4,2022-06-28 10:22:07,41.96,43.74,42.74
62bb38bfe3bf39677e396ba8,Elemental,Spore Mephit,3,Rank 3,3d8+1,2022-06-28 10:22:07,20.82,25.05,22.12
62bb38bfe3bf39677e396ba9,Devilkin,Goblin Archer,15,Rank 1,15d4+1,2022-06-28 10:22:07,59.46,59.08,58.89
62bb38bfe3bf39677e396baa,Fey,Emerald Faerie,4,Rank 1,4d4,2022-06-28 10:22:07,14.45,15.98,14.72
62bb38bfe3bf39677e396bab,Elemental,Djinni,11,Rank 1,11d4+1,2022-06-28 10:22:07,43.14,42.81,43.8
62bb38bfe3bf39677e396bac,Devilkin,Goblin Knight,9,Rank 4,9d10+2,2022-06-28 10:22:07,90.91,89.04,90.75
62bb38bfe3bf39677e396bad,Undead,Vampire,3,Rank 1,3d4+4,2022-06-28 10:22:07,11.46,11.84,10.75
62bb38bfe3bf39677e396bae,Fey,Brass Archfey,7,Rank 0,7d2,2022-06-28 10:22:07,13.13,13.86,13.55
62bb38bfe3bf39677e396baf,Demonic,Quasit,5,Rank 3,5d8+2,2022-06-28 10:22:07,41.15,36.63,43.87
62bb38bfe3bf39677e396bb0,Undead,Lich King,3,Rank 0,3d2,2022-06-28 10:22:07,6.2,5.76,6.41
62bb38bfe3bf39677e396bb1,Fey,Mud Spirit,10,Rank 1,10d4+1,2022-06-28 10:22:07,40.84,39.15,40.12
62bb38bfe3bf39677e396bb2,Demonic,Hook Horror,7,Rank 0,7d2+1,2022-06-28 10:22:07,13.44,14.55,14.81
62bb38bfe3bf39677e396bb3,Dragon,Onyx Wyrmling,6,Rank 3,6d8,2022-06-28 10:22:07,49.99,45.82,46.48
62bb38bfe3bf39677e396bb4,Fey,Shadow Spirit,9,Rank 1,9d4+3,2022-06-28 10:22:07,35.7,36.89,34.39
62bb38bfe3bf39677e396bb5,Devilkin,Dust Devil,12,Rank 1,12d4+3,2022-06-28 10:22:07,47.09,48.17,48.75
62bb38bfe3bf39677e396bb6,Undead,Poltergeist,13,Rank 1,13d4+2,2022-06-28 10:22:07,52.87,53.04,50.44
62bb38bfe3bf39677e396bb7,Fey,Magma Spirit,18,Rank 2,18d6,2022-06-28 10:22:07,107.62,109.95,110.06
62bb38bfe3bf39677e396bb8,Demonic,Quasit,10,Rank 3,10d8+3,2022-06-28 10:22:07,78.07,79.44,77.24
62bb38bfe3bf39677e396bb9,Dragon,Wyvern,1,Rank 2,1d6+2,2022-06-28 10:22:07,5.87,6.43,3.43
62bb38bfe3bf39677e396bba,Fey,Prismatic Faerie,5,Rank 2,5d6+1,2022-06-28 10:22:07,28.96,31.6,28.0
62bb38bfe3bf39677e396bbb,Devilkin,Prince of Fear,5,Rank 2,5d6,2022-06-28 10:22:07,30.91,32.43,32.05
62bb38bfe3bf39677e396bbc,Dragon,Pseudodragon,2,Rank 0,2d2+1,2022-06-28 10:22:07,4.24,3.48,3.05
62bb38bfe3bf39677e396bbd,Elemental,Efreeti,9,Rank 3,9d8+4,2022-06-28 10:22:07,73.83,75.57,71.79
62bb38bfe3bf39677e396bbe,Devilkin,Kobold Guard,7,Rank 1,7d4+4,2022-06-28 10:22:07,27.67,27.8,28.15
62bb38bfe3bf39677e396bbf,Fey,Emerald Faerie,3,Rank 2,3d6,2022-06-28 10:22:07,16.96,17.4,17.32
62bb38bfe3bf39677e396bc0,Demonic,Pit Fiend,1,Rank 4,1d10+2,2022-06-28 10:22:07,12.39,11.61,6.86
62bb38bfe3bf39677e396bc1,Dragon,Faerie Dragon,8,Rank 3,8d8+3,2022-06-28 10:22:07,60.4,65.55,61.12
62bb38bfe3bf39677e396bc2,Fey,Smoke Spirit,2,Rank 0,2d2+1,2022-06-28 10:22:07,3.3,3.6,4.83
62bb38bfe3bf39677e396bc3,Demonic,Pit Fiend,9,Rank 3,9d8+1,2022-06-28 10:22:07,74.91,73.01,69.84
62bb38bfe3bf39677e396bc4,Dragon,Green Wyrmling,3,Rank 1,3d4,2022-06-28 10:22:07,13.92,12.81,11.18
62bb38bfe3bf39677e396bc5,Fey,Spore Spirit,1,Rank 0,1d2,2022-06-28 10:22:07,1.44,3.0,1.03
62bb38bfe3bf39677e396bc6,Demonic,Hook Horror,7,Rank 2,7d6+2,2022-06-28 10:22:07,40.7,40.18,40.03
62bb38bfe3bf39677e396bc7,Dragon,Copper Dragon,7,Rank 0,7d2+3,2022-06-28 10:22:07,13.81,13.91,14.79
62bb38bfe3bf39677e396bc8,Fey,Prismatic Faerie,11,Rank 2,11d6,2022-06-28 10:22:07,66.97,67.98,68.54
62bb38bfe3bf39677e396bc9,Demonic,Quasit,8,Rank 0,8d2+2,2022-06-28 10:22:07,16.22,15.05,16.07
62bb38bfe3bf39677e396bca,Undead,Poltergeist,4,Rank 0,4d2+3,2022-06-28 10:22:07,8.77,8.32,8.19
62bb38bfe3bf39677e396bcb,Elemental,Mud Mephit,13,Rank 0,13d2+5,2022-06-28 10:22:07,25.89,25.08,25.72
62bb38bfe3bf39677e396bcc,Dragon,Bronze Dragon,4,Rank 1,4d4,2022-06-28 10:22:07,16.93,16.62,15.97
62bb38bfe3bf39677e396bcd,Fey,Lightning Spirit,11,Rank 2,11d6+3,2022-06-28 10:22:07,64.9,64.27,68.43
62bb38bfe3bf39677e396bce,Demonic,Balor,11,Rank 1,11d4+1,2022-06-28 10:22:07,42.6,43.26,44.59
62bb38bfe3bf39677e396bcf,Dragon,Faerie Dragon,19,Rank 1,19d4,2022-06-28 10:22:07,76.36,75.93,77.37
62bb38bfe3bf39677e396bd0,Fey,Flame Spirit,16,Rank 0,16d2+2,2022-06-28 10:22:07,32.1,31.44,32.39
62bb38bfe3bf39677e396bd1,Elemental,Smoke Elemental,19,Rank 1,19d4+4,2022-06-28 10:22:07,75.81,75.03,76.09
62bb38bfe3bf39677e396bd2,Devilkin,Prince of Fear,4,Rank 3,4d8+1,2022-06-28 10:22:07,29.81,30.34,34.92
62bb38bfe3bf39677e396bd3,Dragon,Faerie Dragon,6,Rank 0,6d2,2022-06-28 10:22:07,11.09,12.67,11.55
62bb38bfe3bf39677e396bd4,Elemental,Djinni,4,Rank 2,4d6,2022-06-28 10:22:07,24.54,22.57,26.45
62bb38bfe3bf39677e396bd5,Devilkin,Ice Devil,7,Rank 0,7d2,2022-06-28 10:22:07,13.62,13.76,13.73
62bb38bfe3bf39677e396bd6,Undead,Poltergeist,4,Rank 0,4d2+1,2022-06-28 10:22:07,7.0,8.51,7.66
62bb38bfe3bf39677e396bd7,Elemental,Steam Elemental,7,Rank 1,7d4,2022-06-28 10:22:07,28.94,27.02,28.01
62bb38bfe3bf39677e396bd8,Devilkin,Kobold Villager,3,Rank 1,3d4,2022-06-28 10:22:07,11.45,12.36,11.71
62bb38bfe3bf39677e396bd9,Fey,Shadow Archfey,2,Rank 0,2d2,2022-06-28 10:22:07,4.39,3.4,4.74
62bb38bfe3bf39677e396bda,Elemental,Dust Mephit,10,Rank 1,10d4+1,2022-06-28 10:22:07,38.43,39.62,39.81
62bb38bfe3bf39677e396bdb,Dragon,Faerie Dragon,11,Rank 0,11d2+2,2022-06-28 10:22:07,21.94,21.71,21.47
62bb38bfe3bf39677e396bdc,Fey,Brass Faerie,10,Rank 3,10d8+1,2022-06-28 10:22:07,78.09,79.45,79.05
62bb38bfe3bf39677e396bdd,Demonic,Hell Hound,12,Rank 2,12d6+2,2022-06-28 10:22:07,71.53,70.7,71.32
62bb38bfe3bf39677e396bde,Dragon,Pseudodragon,7,Rank 0,7d2+2,2022-06-28 10:22:07,14.55,14.67,14.58
62bb38bfe3bf39677e396bdf,Elemental,Steam Elemental,5,Rank 0,5d2+1,2022-06-28 10:22:07,10.65,10.63,10.69
62bb38bfe3bf39677e396be0,Devilkin,Goblin Mage,6,Rank 3,6d8+1,2022-06-28 10:22:07,49.05,48.76,46.33
62bb38bfe3bf39677e396be1,Undead,Wraith,9,Rank 0,9d2+3,2022-06-28 10:22:07,17.66,17.9,18.68
62bb38bfe3bf39677e396be2,Fey,Silver Faerie,5,Rank 2,5d6,2022-06-28 10:22:07,28.91,32.44,31.67
62bb38bfe3bf39677e396be3,Elemental,Djinni,3,Rank 1,3d4+2,2022-06-28 10:22:07,12.78,12.7,11.0
62bb38bfe3bf39677e396be4,Devilkin,Goblin Archer,2,Rank 1,2d4,2022-06-28 10:22:07,8.43,6.49,9.69
62bb38bfe3bf39677e396be5,Undead,Ghast,16,Rank 0,16d2+2,2022-06-28 10:22:07,31.63,31.66,31.82
62bb38bfe3bf39677e396be6,Demonic,Balor,7,Rank 0,7d2+2,2022-06-28 10:22:07,14.26,14.73,13.19
62bb38bfe3bf39677e396be7,Dragon,Diamond Dragon,7,Rank 1,7d4,2022-06-28 10:22:07,27.42,26.82,28.53
62bb38bfe3bf39677e396be8,Fey,Smoke Spirit,17,Rank 0,17d2+3,2022-06-28 10:22:07,34.39,33.46,33.48
62bb38bfe3bf39677e396be9,Demonic,Night Hag,2,Rank 2,2d6+5,2022-06-28 10:22:07,14.02,13.38,12.87
62bb38bfe3bf39677e396bea,Dragon,Bronze Wyrmling,4,Rank 1,4d4+3,2022-06-28 10:22:07,17.35,16.18,15.75
62bb38bfe3bf39677e396beb,Fey,Spore Spirit,10,Rank 0,10d2+2,2022-06-28 10:22:07,20.09,19.42,20.75
62bb38bfe3bf39677e396bec,Devilkin,Kobold Knight,11,Rank 4,11d10,2022-06-28 10:22:07,108.57,110.89,107.08
62bb38bfe3bf39677e396bed,Dragon,Pseudodragon,12,Rank 1,12d4+2,2022-06-28 10:22:07,48.3,49.22,47.39
62bb38bfe3bf39677e396bee,Fey,Green Faerie,4,Rank 0,4d2+2,2022-06-28 10:22:07,7.07,7.9,8.31
62bb38bfe3bf39677e396bef,Demonic,Nightmare,3,Rank 1,3d4+3,2022-06-28 10:22:07,12.13,11.77,12.79
62bb38bfe3bf39677e396bf0,Dragon,Wyvern,8,Rank 3,8d8,2022-06-28 10:22:07,61.68,65.64,64.99
62bb38bfe3bf39677e396bf1,Undead,Revenant,10,Rank 1,10d4+1,2022-06-28 10:22:07,41.14,40.18,38.86
62bb38bfe3bf39677e396bf2,Elemental,Flame Elemental,11,Rank 4,11d10,2022-06-28 10:22:07,110.94,107.94,114.94
62bb38bfe3bf39677e396bf3,Demonic,Nightmare,14,Rank 0,14d2+1,2022-06-28 10:22:07,28.9,27.54,28.3
62bb38bfe3bf39677e396bf4,Dragon,Faerie Dragon,9,Rank 2,9d6+4,2022-06-28 10:22:07,51.24,52.02,53.94
62bb38bfe3bf39677e396bf5,Fey,Copper Faerie,4,Rank 2,4d6,2022-06-28 10:22:07,26.59,26.98,21.67
62bb38bfe3bf39677e396bf6,Demonic,Quasit,10,Rank 3,10d8+3,2022-06-28 10:22:07,79.48,78.25,82.04
62bb38bfe3bf39677e396bf7,Undead,Zombie Mage,4,Rank 1,4d4+2,2022-06-28 10:22:07,16.43,14.46,16.03
62bb38bfe3bf39677e396bf8,Fey,Smoke Spirit,7,Rank 0,7d2+1,2022-06-28 10:22:07,13.9,14.99,14.41
62bb38bfe3bf39677e396bf9,Elemental,Djinni,2,Rank 1,2d4+1,2022-06-28 10:22:07,9.38,8.56,6.72
62bb38bfe3bf39677e396bfa,Devilkin,Lightning Devil,18,Rank 1,18d4+1,2022-06-28 10:22:07,70.97,71.02,72.35
62bb38bfe3bf39677e396bfb,Undead,Death Knight,11,Rank 2,11d6+3,2022-06-28 10:22:07,63.9,64.84,64.23
62bb38bfe3bf39677e396bfc,Demonic,Nightmare,14,Rank 3,14d8+1,2022-06-28 10:22:07,114.26,113.37,109.32
62bb38bfe3bf39677e396bfd,Dragon,Pseudodragon,5,Rank 3,5d8+3,2022-06-28 10:22:07,41.74,39.13,42.09
62bb38bfe3bf39677e396bfe,Elemental,Spore Elemental,18,Rank 0,18d2+1,2022-06-28 10:22:07,35.67,35.27,35.06
62bb38bfe3bf39677e396bff,Devilkin,Ice Devil,19,Rank 3,19d8,2022-06-28 10:22:07,152.81,154.77,150.86
62bb38bfe3bf39677e396c00,Undead,Death Knight,2,Rank 1,2d4,2022-06-28 10:22:07,7.39,8.18,8.81
62bb38bfe3bf39677e396c01,Elemental,Efreeti,17,Rank 1,17d4,2022-06-28 10:22:07,68.59,68.96,69.89
62bb38bfe3bf39677e396c02,Devilkin,Succubus,10,Rank 2,10d6+1,2022-06-28 10:22:07,59.91,61.32,58.21
62bb38bfe3bf39677e396c03,Fey,Diamond Archfey,3,Rank 0,3d2+3,2022-06-28 10:22:07,6.01,6.85,5.21
62bb38bfe3bf39677e396c04,Elemental,Djinni,12,Rank 0,12d2+2,2022-06-28 10:22:07,23.47,23.18,23.52
62bb38bfe3bf39677e396c05,Devilkin,Steam Devil,13,Rank 0,13d2,2022-06-28 10:22:07,26.8,25.59,25.95
62bb38bfe3bf39677e396c06,Fey,Lightning Spirit,6,Rank 0,6d2+2,2022-06-28 10:22:07,11.18,12.66,12.65
62bb38bfe3bf39677e396c07,Elemental,Flame Elemental,7,Rank 0,7d2,2022-06-28 10:22:07,14.83,14.24,13.66
62bb38bfe3bf39677e396c08,Dragon,White Drake,9,Rank 0,9d2,2022-06-28 10:22:07,17.87,17.96,18.88
62bb38bfe3bf39677e396c09,Fey,Bronze Faerie,2,Rank 0,2d2+1,2022-06-28 10:22:07,4.65,4.25,4.94
62bb38bfe3bf39677e396c0a,Devilkin,Prince of Fear,3,Rank 0,3d2+2,2022-06-28 10:22:07,5.25,5.35,5.47
62bb38bfe3bf39677e396c0b,Undead,Revenant,8,Rank 1,8d4+4,2022-06-28 10:22:07,33.74,30.04,31.18
62bb38bfe3bf39677e396c0c,Fey,Platinum Faerie,5,Rank 2,5d6+4,2022-06-28 10:22:07,32.63,28.64,28.46
62bb38bfe3bf39677e396c0d,Elemental,Efreeti,3,Rank 0,3d2,2022-06-28 10:22:07,5.07,5.37,6.61
62bb38bfe3bf39677e396c0e,Dragon,Wyvern,8,Rank 2,8d6+1,2022-06-28 10:22:07,48.88,50.7,49.71
62bb38bfe3bf39677e396c0f,Fey,Smoke Spirit,15,Rank 1,15d4,2022-06-28 10:22:07,60.33,58.23,59.35
62bb38bfe3bf39677e396c10,Elemental,Djinni,3,Rank 3,3d8+2,2022-06-28 10:22:07,21.77,23.81,21.71
62bb38bfe3bf39677e396c11,Dragon,Diamond Wyrmling,8,Rank 3,8d8+1,2022-06-28 10:22:07,65.33,63.26,61.14
62bb38bfe3bf39677e396c12,Fey,Spore Archfey,11,Rank 1,11d4,2022-06-28 10:22:07,42.73,43.19,43.69
62bb38bfe3bf39677e396c13,Devilkin,Mud Devil,14,Rank 0,14d2,2022-06-28 10:22:07,28.2,27.06,28.45
62bb38bfe3bf39677e396c14,Dragon,White Dragon,6,Rank 3,6d8,2022-06-28 10:22:07,45.76,49.82,49.29
62bb38bfe3bf39677e396c15,Fey,Steam Spirit,11,Rank 3,11d8+1,2022-06-28 10:22:07,85.23,89.04,86.22
62bb38bfe3bf39677e396c16,Elemental,Smoke Elemental,14,Rank 1,14d4,2022-06-28 10:22:07,56.49,57.32,57.19
62bb38bfe3bf39677e396c17,Devilkin,Ice Devil,11,Rank 0,11d2+3,2022-06-28 10:22:07,22.59,22.68,22.48
62bb38bfe3bf39677e396c18,Undead,Lich,7,Rank 2,7d6+1,2022-06-28 10:22:07,40.98,41.67,42.81
62bb38bfe3bf39677e396c19,Demonic,Hell Hound,10,Rank 0,10d2+1,2022-06-28 10:22:07,19.47,19.99,20.63
62bb38bfe3bf39677e396c1a,Dragon,Faerie Dragon,4,Rank 4,4d10+2,2022-06-28 10:22:07,43.96,38.05,41.18
62bb38bfe3bf39677e396c1b,Undead,Dracolich,10,Rank 3,10d8+1,2022-06-28 10:22:07,82.38,77.71,79.56
62bb38bfe3bf39677e396c1c,Elemental,Efreeti,3,Rank 3,3d8,2022-06-28 10:22:07,21.87,21.4,23.54
62bb38bfe3bf39677e396c1d,Dragon,Ruby Wyrmling,15,Rank 1,15d4+1,2022-06-28 10:22:07,59.43,61.24,58.8
62bb38bfe3bf39677e396c1e,Fey,Steam Spirit,9,Rank 0,9d2,2022-06-28 10:22:07,17.93,17.51,17.7
62bb38bfe3bf39677e396c1f,Devilkin,Smoke Devil,13,Rank 1,13d4,2022-06-28 10:22:07,50.29,52.86,50.05
62bb38bfe3bf39677e396c20,Undead,Ghostly Guard,3,Rank 3,3d8+5,2022-06-28 10:22:07,21.84,25.37,22.09
62bb38bfe3bf39677e396c21,Demonic,Imp,5,Rank 2,5d6,2022-06-28 10:22:07,28.89,32.98,30.91
62bb38bfe3bf39677e396c22,Dragon,Pseudodragon,9,Rank 0,9d2+1,2022-06-28 10:22:07,17.87,17.24,17.6
62bb38bfe3bf39677e396c23,Fey,Copper Faerie,2,Rank 0,2d2+3,2022-06-28 10:22:07,3.32,4.59,3.41
62bb38bfe3bf39677e396c24,Demonic,Pit Fiend,3,Rank 1,3d4+2,2022-06-28 10:22:07,12.01,13.79,12.35
62bb38bfe3bf39677e396c25,Undead,Demilich,7,Rank 0,7d2+1,2022-06-28 10:22:07,14.71,13.01,14.55
62bb38bfe3bf39677e396c26,Fey,Red Faerie,10,Rank 0,10d2,2022-06-28 10:22:07,20.54,20.42,20.6
62bb38bfe3bf39677e396c27,Devilkin,Prince of Fear,8,Rank 3,8d8,2022-06-28 10:22:07,65.32,62.16,67.92
62bb38bfe3bf39677e396c28,Undead,Skeletal Archer,6,Rank 2,6d6,2022-06-28 10:22:07,35.09,33.6,34.86
62bb38bfe3bf39677e396c29,Elemental,Efreeti,9,Rank 2,9d6+1,2022-06-28 10:22:07,54.07,55.71,53.53
62bb38bfe3bf39677e396c2a,Devilkin,Pit Lord,18,Rank 1,18d4,2022-06-28 10:22:07,70.57,72.57,72.73
62bb38bfe3bf39677e396c2b,Dragon,Pseudodragon,11,Rank 3,11d8+1,2022-06-28 10:22:07,85.95,85.01,87.23
62bb38bfe3bf39677e396c2c,Fey,Brass Archfey,7,Rank 4,7d10+2,2022-06-28 10:22:07,69.24,71.23,68.21
62bb38bfe3bf39677e396c2d,Demonic,Prismatic Demon,2,Rank 1,2d4+2,2022-06-28 10:22:07,7.19,7.1,7.77
62bb38bfe3bf39677e396c2e,Devilkin,Prince of Fear,13,Rank 2,13d6+1,2022-06-28 10:22:07,76.37,77.28,77.34
62bb38bfe3bf39677e396c2f,Undead,Wight,9,Rank 0,9d2+2,2022-06-28 10:22:07,18.13,18.41,17.8
62bb38bfe3bf39677e396c30,Fey,Black Faerie,9,Rank 4,9d10+3,2022-06-28 10:22:07,89.08,91.97,92.11
62bb38bfe3bf39677e396c31,Demonic,Pit Fiend,6,Rank 0,6d2+4,2022-06-28 10:22:07,12.43,11.79,11.88
62bb38bfe3bf39677e396c32,Dragon,Sapphire Drake,14,Rank 2,14d6,2022-06-28 10:22:07,85.49,86.23,85.26
62bb38bfe3bf39677e396c33,Fey,Lightning Spirit,2,Rank 0,2d2+1,2022-06-28 10:22:07,4.96,4.15,3.16
62bb38bfe3bf39677e396c34,Elemental,Efreeti,5,Rank 2,5d6+2,2022-06-28 10:22:07,29.26,28.98,31.05
62bb38bfe3bf39677e396c35,Dragon,Copper Drake,12,Rank 1,12d4+5,2022-06-28 10:22:07,47.97,47.45,47.88
62bb38bfe3bf39677e396c36,Fey,Red Faerie,10,Rank 4,10d10,2022-06-28 10:22:07,96.83,104.06,95.88
62bb38bfe3bf39677e396c37,Demonic,Night Hag,6,Rank 0,6d2,2022-06-28 10:22:07,11.74,11.78,11.81
62bb38bfe3bf39677e396c38,Undead,Mummy Lord,9,Rank 1,9d4+1,2022-06-28 10:22:07,35.25,35.68,37.02
62bb38bfe3bf39677e396c39,Fey,Mud Spirit,5,Rank 1,5d4+5,2022-06-28 10:22:07,21.45,18.23,19.23
62bb38bfe3bf39677e396c3a,Demonic,Nightmare,4,Rank 0,4d2+1,2022-06-28 10:22:07,8.9,7.8,8.13
62bb38bfe3bf39677e396c3b,Undead,Mummy Lord,12,Rank 2,12d6+3,2022-06-28 10:22:07,70.8,73.3,73.39
62bb38bfe3bf39677e396c3c,Demonic,Hook Horror,9,Rank 2,9d6+1,2022-06-28 10:22:07,55.22,56.17,53.0
62bb38bfe3bf39677e396c3d,Dragon,Brass Drake,3,Rank 1,3d4+3,2022-06-28 10:22:07,13.62,12.81,11.41
62bb38bfe3bf39677e396c3e,Fey,Magma Spirit,4,Rank 1,4d4+1,2022-06-28 10:22:07,16.02,15.65,17.26
62bb38bfe3bf39677e396c3f,Demonic,Balor,15,Rank 0,15d2+4,2022-06-28 10:22:07,29.75,29.02,29.57
62bb38bfe3bf39677e396c40,Devilkin,Succubus,1,Rank 0,1d2+2,2022-06-28 10:22:07,1.63,2.42,2.28
62bb38bfe3bf39677e396c41,Undead,Zombie Knight,8,Rank 4,8d10+1,2022-06-28 10:22:07,82.84,77.4,77.17
62bb38bfe3bf39677e396c42,Elemental,Djinni,12,Rank 2,12d6+1,2022-06-28 10:22:07,69.39,73.8,74.48
62bb38bfe3bf39677e396c43,Devilkin,Goblin Guard,9,Rank 1,9d4,2022-06-28 10:22:07,36.74,34.46,35.52
62bb38bfe3bf39677e396c44,Fey,Onyx Faerie,3,Rank 4,3d10+3,2022-06-28 10:22:07,30.77,34.14,28.66
62bb38bfe3bf39677e396c45,Elemental,Spore Mephit,4,Rank 1,4d4,2022-06-28 10:22:07,15.05,15.92,14.21
62bb38bfe3bf39677e396c46,Dragon,Pseudodragon,5,Rank 1,5d4+1,2022-06-28 10:22:07,20.12,21.24,19.14
62bb38bfe3bf39677e396c47,Elemental,Flame Elemental,2,Rank 0,2d2,2022-06-28 10:22:07,4.36,3.56,3.11
62bb38bfe3bf39677e396c48,Devilkin,Goblin Villager,8,Rank 1,8d4+1,2022-06-28 10:22:07,31.49,32.51,32.28
62bb38bfe3bf39677e396c49,Undead,Death Knight,13,Rank 3,13d8,2022-06-28 10:22:07,102.23,103.94,107.23
62bb38bfe3bf39677e396c4a,Demonic,Imp,9,Rank 0,9d2+2,2022-06-28 10:22:07,18.78,18.01,17.61
62bb38bfe3bf39677e396c4b,Dragon,Faerie Dragon,2,Rank 1,2d4+3,2022-06-28 10:22:07,7.55,8.07,9.99
62bb38bfe3bf39677e396c4c,Fey,Magma Archfey,1,Rank 2,1d6+3,2022-06-28 10:22:07,3.63,3.18,6.57
62bb38bfe3bf39677e396c4d,Elemental,Djinni,7,Rank 3,7d8+1,2022-06-28 10:22:07,57.11,59.33,53.75
62bb38bfe3bf39677e396c4e,Devilkin,Pit Lord,6,Rank 1,6d4+2,2022-06-28 10:22:07,23.74,25.9,23.97
62bb38bfe3bf39677e396c4f,Undead,Banshee,8,Rank 1,8d4,2022-06-28 10:22:07,31.17,30.48,32.05
62bb38bfe3bf39677e396c50,Elemental,Smoke Elemental,4,Rank 2,4d6,2022-06-28 10:22:07,24.04,22.59,25.54
62bb38bfe3bf39677e396c51,Demonic,Imp,15,Rank 0,15d2,2022-06-28 10:22:07,30.63,29.11,30.97
62bb38bfe3bf39677e396c52,Devilkin,Succubus,5,Rank 1,5d4,2022-06-28 10:22:07,21.36,19.09,19.64
62bb38bfe3bf39677e396c53,Dragon,Prismatic Dragon,17,Rank 0,17d2,2022-06-28 10:22:07,33.37,33.84,34.1
62bb38bfe3bf39677e396c54,Undead,Skeletal Mage,2,Rank 0,2d2,2022-06-28 10:22:07,3.33,4.84,4.52
62bb38bfe3bf39677e396c55,Elemental,Ice Elemental,3,Rank 0,3d2+2,2022-06-28 10:22:07,5.21,6.17,5.49
62bb38bfe3bf39677e396c56,Devilkin,Incubus,10,Rank 3,10d8+3,2022-06-28 10:22:07,76.18,78.41,77.15
62bb38bfe3bf39677e396c57,Undead,Zombie Guard,9,Rank 3,9d8,2022-06-28 10:22:07,73.41,71.91,71.34
62bb38bfe3bf39677e396c58,Fey,Red Faerie,4,Rank 0,4d2+2,2022-06-28 10:22:07,9.0,7.32,7.67
62bb38bfe3bf39677e396c59,Demonic,Pit Fiend,6,Rank 1,6d4+4,2022-06-28 10:22:07,22.5,24.63,25.08
62bb38bfe3bf39677e396c5a,Devilkin,Prince of Fear,5,Rank 4,5d10+1,2022-06-28 10:22:07,48.85,45.83,51.75
62bb38bfe3bf39677e396c5b,Undead,Lich King,9,Rank 1,9d4,2022-06-28 10:22:07,34.28,35.96,37.03
62bb38bfe3bf39677e396c5c,Demonic,Hell Hound,15,Rank 3,15d8,2022-06-28 10:22:07,121.15,118.56,121.38
62bb38bfe3bf39677e396c5d,Undead,Wraith,16,Rank 0,16d2,2022-06-28 10:22:07,31.83,31.05,32.63
62bb38bfe3bf39677e396c5e,Elemental,Efreeti,7,Rank 1,7d4+2,2022-06-28 10:22:07,28.82,29.41,27.32
62bb38bfe3bf39677e396c5f,Demonic,Hell Hound,11,Rank 0,11d2,2022-06-28 10:22:07,22.3,22.29,22.06
62bb38bfe3bf39677e396c60,Dragon,Bronze Drake,7,Rank 3,7d8+5,2022-06-28 10:22:07,56.42,52.86,55.58
62bb38bfe3bf39677e396c61,Fey,Green Archfey,3,Rank 3,3d8+3,2022-06-28 10:22:07,22.79,25.09,25.62
62bb38bfe3bf39677e396c62,Elemental,Efreeti,2,Rank 1,2d4+3,2022-06-28 10:22:07,7.9,8.05,9.41
62bb38bfe3bf39677e396c63,Devilkin,Succubus,7,Rank 2,7d6+3,2022-06-28 10:22:07,43.32,40.98,43.93
62bb38bfe3bf39677e396c64,Fey,Copper Faerie,4,Rank 3,4d8+1,2022-06-28 10:22:07,31.08,32.68,29.13
62bb38bfe3bf39677e396c65,Devilkin,Goblin Archer,3,Rank 2,3d6,2022-06-28 10:22:07,18.26,16.31,19.38
62bb38bfe3bf39677e396c66,Undead,Lich,4,Rank 2,4d6+3,2022-06-28 10:22:07,22.01,24.42,23.1
62bb38bfe3bf39677e396c67,Elemental,Flame Elemental,9,Rank 4,9d10+3,2022-06-28 10:22:07,91.88,93.69,89.48
62bb38bfe3bf39677e396c68,Devilkin,Prince of Fear,1,Rank 2,1d6,2022-06-28 10:22:07,6.93,4.55,5.7
62bb38bfe3bf39677e396c69,Undead,Dracolich,18,Rank 0,18d2+2,2022-06-28 10:22:07,35.41,35.33,36.5
62bb38bfe3bf39677e396c6a,Elemental,Smoke Mephit,8,Rank 2,8d6+2,2022-06-28 10:22:07,46.49,47.94,49.25
62bb38bfe3bf39677e396c6b,Demonic,Quasit,13,Rank 2,13d6,2022-06-28 10:22:07,77.72,77.82,75.46
62bb38bfe3bf39677e396c6c,Dragon,White Wyrmling,6,Rank 3,6d8+1,2022-06-28 10:22:07,45.11,50.23,45.5
62bb38bfe3bf39677e396c6d,Fey,Ice Spirit,5,Rank 0,5d2,2022-06-28 10:22:07,9.79,10.53,10.19
62bb38bfe3bf39677e396c6e,Elemental,Djinni,12,Rank 3,12d8,2022-06-28 10:22:07,93.87,93.97,93.54
62bb38bfe3bf39677e396c6f,Dragon,Platinum Wyrmling,13,Rank 0,13d2+1,2022-06-28 10:22:07,26.64,25.09,25.03
62bb38bfe3bf39677e396c70,Fey,Diamond Faerie,13,Rank 2,13d6,2022-06-28 10:22:07,76.49,79.11,77.84
62bb38bfe3bf39677e396c71,Demonic,Balor,5,Rank 2,5d6+1,2022-06-28 10:22:07,30.07,31.27,27.21
62bb38bfe3bf39677e396c72,Undead,Banshee,2,Rank 3,2d8+4,2022-06-28 10:22:07,13.09,15.33,18.71
62bb38bfe3bf39677e396c73,Demonic,Imp,2,Rank 5,2d12+1,2022-06-28 10:22:07,25.92,23.38,25.85
62bb38bfe3bf39677e396c74,Devilkin,Kobold Villager,7,Rank 0,7d2+2,2022-06-28 10:22:07,14.04,14.57,14.09
62bb38bfe3bf39677e396c75,Dragon,Faerie Dragon,5,Rank 0,5d2+3,2022-06-28 10:22:07,9.73,9.51,9.34
62bb38bfe3bf39677e396c76,Fey,Steam Spirit,8,Rank 4,8d10+2,2022-06-28 10:22:07,82.88,82.56,78.21
62bb38bfe3bf39677e396c77,Elemental,Lightning Elemental,10,Rank 3,10d8,2022-06-28 10:22:07,81.97,79.46,76.67
62bb38bfe3bf39677e396c78,Devilkin,Succubus,10,Rank 1,10d4+1,2022-06-28 10:22:07,41.25,38.33,40.64
62bb38bfe3bf39677e396c79,Undead,Zombie Mage,9,Rank 2,9d6+1,2022-06-28 10:22:07,55.74,55.98,52.84
62bb38bfe3bf39677e396c7a,Elemental,Djinni,8,Rank 4,8d10,2022-06-28 10:22:07,78.11,81.83,81.8
62bb38bfe3bf39677e396c7b,Devilkin,Kobold Archer,2,Rank 3,2d8+4,2022-06-28 10:22:07,15.69,19.11,19.66
62bb38bfe3bf39677e396c7c,Undead,Dracolich,1,Rank 1,1d4+3,2022-06-28 10:22:07,5.0,2.65,4.36
62bb38bfe3bf39677e396c7d,Elemental,Djinni,3,Rank 2,3d6+2,2022-06-28 10:22:07,19.6,17.16,15.87
62bb38bfe3bf39677e396c7e,Demonic,Nightmare,1,Rank 3,1d8+2,2022-06-28 10:22:07,8.96,4.19,6.48
62bb38bfe3bf39677e396c7f,Dragon,Pseudodragon,14,Rank 3,14d8+1,2022-06-28 10:22:07,110.2,113.43,115.32
62bb38bfe3bf39677e396c80,Undead,Skeletal Villager,11,Rank 0,11d2,2022-06-28 10:22:07,21.36,22.64,21.28
62bb38bfe3bf39677e396c81,Elemental,Dust Mephit,9,Rank 2,9d6+3,2022-06-28 10:22:07,52.12,52.96,52.63
62bb38bfe3bf39677e396c82,Devilkin,Succubus,10,Rank 2,10d6+1,2022-06-28 10:22:07,61.57,57.1,61.4
62bb38bfe3bf39677e396c83,Undead,Lich King,1,Rank 2,1d6,2022-06-28 10:22:07,7.47,6.84,7.95
62bb38bfe3bf39677e396c84,Demonic,Hell Hound,9,Rank 2,9d6+1,2022-06-28 10:22:07,55.64,55.53,55.97
62bb38bfe3bf39677e396c85,Undead,Skeletal Mage,6,Rank 1,6d4,2022-06-28 10:22:07,22.84,24.84,25.92
62bb38bfe3bf39677e396c86,Elemental,Djinni,4,Rank 4,4d10+2,2022-06-28 10:22:07,35.44,37.04,44.83
62bb38bfe3bf39677e396c87,Demonic,Hook Horror,9,Rank 1,9d4,2022-06-28 10:22:07,36.94,36.74,35.14
62bb38bfe3bf39677e396c88,Dragon,Sapphire Dragon,4,Rank 3,4d8+4,2022-06-28 10:22:07,32.53,29.84,33.23
62bb38bfe3bf39677e396c89,Elemental,Mud Mephit,1,Rank 0,1d2+1,2022-06-28 10:22:07,1.81,1.2,2.85
62bb38bfe3bf39677e396c8a,Devilkin,Kobold Guard,5,Rank 0,5d2+2,2022-06-28 10:22:07,9.75,9.04,10.74
62bb38bfe3bf39677e396c8b,Undead,Skeletal Villager,8,Rank 1,8d4+1,2022-06-28 10:22:07,30.05,32.2,31.35
62bb38bfe3bf39677e396c8c,Elemental,Steam Elemental,4,Rank 4,4d10+2,2022-06-28 10:22:07,38.31,38.37,39.66
62bb38bfe3bf39677e396c8d,Devilkin,Goblin Knight,6,Rank 3,6d8+3,2022-06-28 10:22:07,50.66,47.91,47.08
62bb38bfe3bf39677e396c8e,Undead,Lich King,1,Rank 0,1d2+3,2022-06-28 10:22:07,1.81,1.25,2.06
62bb38bfe3bf39677e396c8f,Elemental,Shadow Elemental,5,Rank 1,5d4+2,2022-06-28 10:22:07,21.21,19.77,20.66
62bb38bfe3bf39677e396c90,Devilkin,Pit Lord,7,Rank 2,7d6+1,2022-06-28 10:22:07,43.93,44.08,42.59
62bb38bfe3bf39677e396c91,Undead,Banshee,9,Rank 1,9d4+2,2022-06-28 10:22:07,36.39,35.1,36.69
62bb38bfe3bf39677e396c92,Fey,Ice Archfey,1,Rank 5,1d12+1,2022-06-28 10:22:07,11.99,10.78,15.32
62bb38bfe3bf39677e396c93,Elemental,Mud Mephit,7,Rank 1,7d4+1,2022-06-28 10:22:07,26.72,29.63,26.86
62bb38bfe3bf39677e396c94,Devilkin,Goblin Guard,1,Rank 2,1d6+1,2022-06-28 10:22:07,4.88,5.02,3.73
62bb38bfe3bf39677e396c95,Undead,Zombie Villager,16,Rank 0,16d2+4,2022-06-28 10:22:07,31.42,32.19,32.39
62bb38bfe3bf39677e396c96,Elemental,Shadow Elemental,16,Rank 1,16d4+1,2022-06-28 10:22:07,65.33,64.89,63.48
62bb38bfe3bf39677e396c97,Devilkin,Succubus,5,Rank 1,5d4,2022-06-28 10:22:07,19.59,20.46,20.19
62bb38bfe3bf39677e396c98,Undead,Revenant,3,Rank 2,3d6,2022-06-28 10:22:07,20.51,19.31,19.29
62bb38bfe3bf39677e396c99,Elemental,Spore Elemental,11,Rank 4,11d10,2022-06-28 10:22:07,110.86,108.53,109.42
62bb38bfe3bf39677e396c9a,Devilkin,Flame Devil,14,Rank 1,14d4+3,2022-06-28 10:22:07,55.47,55.85,54.76
62bb38bfe3bf39677e396c9b,Undead,Revenant,10,Rank 1,10d4+1,2022-06-28 10:22:07,40.09,40.19,40.15
62bb38bfe3bf39677e396c9c,Demonic,Balor,1,Rank 2,1d6,2022-06-28 10:22:07,6.93,6.97,7.63
62bb38bfe3bf39677e396c9d,Dragon,Onyx Wyrmling,12,Rank 2,12d6+3,2022-06-28 10:22:07,72.68,73.33,71.34
62bb38bfe3bf39677e396c9e,Fey,Black Archfey,4,Rank 0,4d2+1,2022-06-28 10:22:07,8.83,7.64,7.45
62bb38bfe3bf39677e396c9f,Demonic,Imp,12,Rank 0,12d2+2,2022-06-28 10:22:07,23.57,23.91,24.07
62bb38bfe3bf39677e396ca0,Devilkin,Succubus,10,Rank 0,10d2,2022-06-28 10:22:07,19.31,20.24,20.38
62bb38bfe3bf39677e396ca1,Undead,Vampire,3,Rank 2,3d6+1,2022-06-28 10:22:07,19.57,19.56,20.25
62bb38bfe3bf39677e396ca2,Elemental,Efreeti,15,Rank 1,15d4,2022-06-28 10:22:07,59.69,60.36,58.54
62bb38bfe3bf39677e396ca3,Dragon,Wyvern,15,Rank 1,15d4,2022-06-28 10:22:07,60.84,58.19,60.78
62bb38bfe3bf39677e396ca4,Fey,Shadow Archfey,3,Rank 3,3d8+3,2022-06-28 10:22:07,22.26,23.47,25.02
62bb38bfe3bf39677e396ca5,Demonic,Hook Horror,8,Rank 2,8d6+2,2022-06-28 10:22:07,47.78,47.06,50.5
62bb38bfe3bf39677e396ca6,Undead,Lich King,2,Rank 0,2d2+1,2022-06-28 10:22:07,4.46,4.1,4.49
62bb38bfe3bf39677e396ca7,Fey,Dust Spirit,7,Rank 0,7d2+4,2022-06-28 10:22:07,13.96,13.97,13.68
62bb38bfe3bf39677e396ca8,Demonic,Balor,9,Rank 4,9d10,2022-06-28 10:22:07,92.81,86.27,87.63
62bb38bfe3bf39677e396ca9,Dragon,Faerie Dragon,7,Rank 5,7d12+4,2022-06-28 10:22:07,83.52,79.89,87.75
62bb38bfe3bf39677e396caa,Fey,Steam Spirit,7,Rank 2,7d6,2022-06-28 10:22:07,41.81,41.61,42.01
62bb38bfe3bf39677e396cab,Devilkin,Succubus,2,Rank 2,2d6+5,2022-06-28 10:22:07,10.64,10.62,10.25
62bb38bfe3bf39677e396cac,Undead,Skeletal Mage,8,Rank 3,8d8,2022-06-28 10:22:07,66.36,65.25,65.71
62bb38bfe3bf39677e396cad,Elemental,Efreeti,17,Rank 1,17d4+2,2022-06-28 10:22:07,67.71,66.41,68.71
62bb38bfe3bf39677e396cae,Demonic,Quasit,11,Rank 2,11d6+1,2022-06-28 10:22:07,66.77,64.9,64.66
62bb38bfe3bf39677e396caf,Dragon,Red Drake,4,Rank 1,4d4+3,2022-06-28 10:22:07,16.26,16.08,17.67
62bb38bfe3bf39677e396cb0,Undead,Ghostly Archer,7,Rank 0,7d2,2022-06-28 10:22:07,13.84,13.16,14.26
62bb38bfe3bf39677e396cb1,Fey,White Archfey,9,Rank 3,9d8+3,2022-06-28 10:22:07,70.71,74.18,74.59
62bb38bfe3bf39677e396cb2,Devilkin,Succubus,2,Rank 2,2d6,2022-06-28 10:22:07,12.87,13.84,12.49
62bb38bfe3bf39677e396cb3,Undead,Ghostly Knight,3,Rank 2,3d6+3,2022-06-28 10:22:07,18.47,17.68,18.44
62bb38bfe3bf39677e396cb4,Elemental,Djinni,8,Rank 0,8d2+2,2022-06-28 10:22:07,15.53,16.37,15.54
62bb38bfe3bf39677e396cb5,Dragon,Bronze Wyrmling,16,Rank 1,16d4+2,2022-06-28 10:22:07,65.05,62.68,64.25
62bb38bfe3bf39677e396cb6,Undead,Mummy,12,Rank 0,12d2+3,2022-06-28 10:22:07,23.94,24.07,24.28
62bb38bfe3bf39677e396cb7,Fey,Spore Spirit,9,Rank 0,9d2,2022-06-28 10:22:07,18.57,18.47,17.28
62bb38bfe3bf39677e396cb8,Demonic,Brass Demon,9,Rank 0,9d2+3,2022-06-28 10:22:07,17.78,17.83,17.31
62bb38bfe3bf39677e396cb9,Undead,Poltergeist,8,Rank 1,8d4,2022-06-28 10:22:07,33.94,32.14,31.87
62bb38bfe3bf39677e396cba,Elemental,Mud Elemental,10,Rank 2,10d6,2022-06-28 10:22:07,58.08,57.26,59.98
62bb38bfe3bf39677e396cbb,Devilkin,Prince of Fear,14,Rank 2,14d6+4,2022-06-28 10:22:07,84.1,84.26,84.26
62bb38bfe3bf39677e396cbc,Fey,Gold Faerie,8,Rank 3,8d8,2022-06-28 10:22:07,63.04,61.91,63.14
62bb38bfe3bf39677e396cbd,Elemental,Shadow Elemental,9,Rank 1,9d4+3,2022-06-28 10:22:07,36.79,36.58,37.03
62bb38bfe3bf39677e396cbe,Devilkin,Kobold Guard,9,Rank 0,9d2,2022-06-28 10:22:07,17.67,17.77,18.76
62bb38bfe3bf39677e396cbf,Undead,Skeletal Villager,9,Rank 1,9d4+4,2022-06-28 10:22:07,35.62,36.3,34.51
62bb38bfe3bf39677e396cc0,Elemental,Dust Mephit,18,Rank 2,18d6+1,2022-06-28 10:22:07,106.89,109.57,108.07
62bb38bfe3bf39677e396cc1,Devilkin,Pit Lord,19,Rank 0,19d2,2022-06-28 10:22:07,38.25,37.33,38.24
62bb38bfe3bf39677e396cc2,Undead,Skeletal Mage,7,Rank 1,7d4+2,2022-06-28 10:22:07,29.74,26.9,27.24
62bb38bfe3bf39677e396cc3,Elemental,Djinni,7,Rank 0,7d2+1,2022-06-28 10:22:07,14.74,14.75,14.51
62bb38bfe3bf39677e396cc4,Devilkin,Pit Lord,13,Rank 0,13d2+4,2022-06-28 10:22:07,26.25,25.19,25.27
62bb38bfe3bf39677e396cc5,Fey,Emerald Faerie,6,Rank 0,6d2,2022-06-28 10:22:07,12.88,12.26,11.17
62bb38bfe3bf39677e396cc6,Demonic,Brass Demon,3,Rank 3,3d8+2,2022-06-28 10:22:07,22.0,22.18,26.57
62bb38bfe3bf39677e396cc7,Undead,Vampire,2,Rank 3,2d8+3,2022-06-28 10:22:07,16.86,15.54,16.42
62bb38bfe3bf39677e396cc8,Elemental,Flame Mephit,12,Rank 4,12d10+1,2022-06-28 10:22:07,122.56,115.67,119.4
62bb38bfe3bf39677e396cc9,Devilkin,Magma Devil,6,Rank 2,6d6,2022-06-28 10:22:07,34.41,38.18,35.69
62bb38bfe3bf39677e396cca,Undead,Dracolich,8,Rank 5,8d12,2022-06-28 10:22:07,93.26,95.89,96.13
62bb38bfe3bf39677e396ccb,Elemental,Djinni,9,Rank 0,9d2,2022-06-28 10:22:07,17.63,18.04,17.1
62bb38bfe3bf39677e396ccc,Demonic,Nightmare,13,Rank 2,13d6+3,2022-06-28 10:22:07,76.29,79.84,80.61
62bb38bfe3bf39677e396ccd,Undead,Banshee,3,Rank 3,3d8+2,2022-06-28 10:22:07,25.95,25.89,26.41
62bb38bfe3bf39677e396cce,Elemental,Efreeti,2,Rank 4,2d10+3,2022-06-28 10:22:07,20.76,17.45,17.97
62bb38bfe3bf39677e396ccf,Devilkin,Ice Devil,17,Rank 3,17d8+1,2022-06-28 10:22:07,135.89,132.66,133.66
62bb38bfe3bf39677e396cd0,Fey,Mud Archfey,7,Rank 0,7d2+2,2022-06-28 10:22:07,14.04,13.23,13.39
62bb38bfe3bf39677e396cd1,Demonic,Balor,10,Rank 2,10d6+4,2022-06-28 10:22:07,59.58,61.77,60.7
62bb38bfe3bf39677e396cd2,Undead,Poltergeist,16,Rank 4,16d10,2022-06-28 10:22:07,155.96,155.94,158.1
62bb38bfe3bf39677e396cd3,Elemental,Efreeti,11,Rank 1,11d4+1,2022-06-28 10:22:07,42.79,44.54,44.47
62bb38bfe3bf39677e396cd4,Devilkin,Goblin Archer,7,Rank 1,7d4+3,2022-06-28 10:22:07,27.5,27.37,28.91
62bb38bfe3bf39677e396cd5,Undead,Ghostly Knight,8,Rank 0,8d2+1,2022-06-28 10:22:07,16.33,15.71,16.23
62bb38bfe3bf39677e396cd6,Elemental,Smoke Elemental,17,Rank 3,17d8+1,2022-06-28 10:22:07,134.45,137.71,134.38
62bb38bfe3bf39677e396cd7,Dragon,Onyx Dragon,3,Rank 0,3d2,2022-06-28 10:22:07,5.85,6.27,5.93
62bb38bfe3bf39677e396cd8,Fey,Lightning Spirit,17,Rank 4,17d10,2022-06-28 10:22:07,172.66,171.52,174.65
62bb38bfe3bf39677e396cd9,Demonic,Night Hag,8,Rank 2,8d6+1,2022-06-28 10:22:07,48.24,47.54,47.75
62bb38bfe3bf39677e396cda,Undead,Revenant,4,Rank 2,4d6+3,2022-06-28 10:22:07,25.64,24.62,24.03
62bb38bfe3bf39677e396cdb,Demonic,Quasit,10,Rank 0,10d2,2022-06-28 10:22:07,20.12,20.1,19.64
62bb38bfe3bf39677e396cdc,Devilkin,Pit Lord,9,Rank 2,9d6+2,2022-06-28 10:22:07,52.09,55.07,53.53
62bb38bfe3bf39677e396cdd,Undead,Zombie Guard,6,Rank 0,6d2+1,2022-06-28 10:22:07,12.26,12.38,11.62
62bb38bfe3bf39677e396cde,Elemental,Flame Elemental,2,Rank 0,2d2+1,2022-06-28 10:22:07,4.05,3.43,3.81
62bb38bfe3bf39677e396cdf,Dragon,Red Dragon,14,Rank 1,14d4+1,2022-06-28 10:22:07,56.48,57.07,55.1
62bb38bfe3bf39677e396ce0,Fey,Brass Archfey,7,Rank 0,7d2,2022-06-28 10:22:07,14.82,13.29,14.4
62bb38bfe3bf39677e396ce1,Elemental,Smoke Elemental,7,Rank 0,7d2+1,2022-06-28 10:22:07,14.94,13.28,14.32
62bb38bfe3bf39677e396ce2,Dragon,Wyvern,17,Rank 2,17d6+2,2022-06-28 10:22:07,102.59,101.01,102.78
62bb38bfe3bf39677e396ce3,Undead,Demilich,5,Rank 0,5d2+1,2022-06-28 10:22:07,10.47,10.81,9.17
62bb38bfe3bf39677e396ce4,Elemental,Spore Mephit,5,Rank 1,5d4,2022-06-28 10:22:07,21.07,19.55,21.57
62bb38bfe3bf39677e396ce5,Dragon,Copper Wyrmling,8,Rank 0,8d2+3,2022-06-28 10:22:07,15.58,15.64,16.08
62bb38bfe3bf39677e396ce6,Fey,Flame Archfey,3,Rank 2,3d6+1,2022-06-28 10:22:07,18.09,16.62,15.4
62bb38bfe3bf39677e396ce7,Demonic,Hook Horror,9,Rank 3,9d8+4,2022-06-28 10:22:07,73.53,69.5,70.23
62bb38bfe3bf39677e396ce8,Dragon,Emerald Wyrmling,10,Rank 1,10d4,2022-06-28 10:22:07,41.82,40.13,40.13
62bb38bfe3bf39677e396ce9,Undead,Zombie Archer,4,Rank 4,4d10+5,2022-06-28 10:22:07,40.31,43.57,41.42
62bb38bfe3bf39677e396cea,Demonic,Imp,17,Rank 4,17d10+1,2022-06-28 10:22:07,166.32,172.48,170.14
62bb38bfe3bf39677e396ceb,Dragon,Sapphire Dragon,5,Rank 3,5d8+2,2022-06-28 10:22:07,40.17,39.79,36.93
62bb38bfe3bf39677e396cec,Undead,Revenant,11,Rank 1,11d4+3,2022-06-28 10:22:07,42.26,45.6,43.29
62bb38bfe3bf39677e396ced,Fey,Copper Faerie,9,Rank 4,9d10,2022-06-28 10:22:07,86.94,86.26,88.79
62bb38bfe3bf39677e396cee,Demonic,Night Hag,5,Rank 4,5d10+1,2022-06-28 10:22:07,53.87,47.74,48.31
62bb38bfe3bf39677e396cef,Dragon,Wyvern,5,Rank 3,5d8+2,2022-06-28 10:22:07,38.53,43.68,42.6
62bb38bfe3bf39677e396cf0,Elemental,Djinni,13,Rank 2,13d6,2022-06-28 10:22:07,78.47,79.69,80.46
62bb38bfe3bf39677e396cf1,Devilkin,Prince of Fear,14,Rank 1,14d4,2022-06-28 10:22:07,57.59,55.67,54.44
62bb38bfe3bf39677e396cf2,Undead,Wraith,3,Rank 3,3d8+2,2022-06-28 10:22:07,25.56,21.87,26.86
62bb38bfe3bf39677e396cf3,Elemental,Djinni,4,Rank 2,4d6+1,2022-06-28 10:22:07,22.86,25.2,24.07
62bb38bfe3bf39677e396cf4,Devilkin,Prince of Fear,7,Rank 2,7d6,2022-06-28 10:22:07,40.49,41.75,42.79
62bb38bfe3bf39677e396cf5,Fey,Magma Spirit,13,Rank 4,13d10+2,2022-06-28 10:22:07,127.9,133.22,130.53
62bb38bfe3bf39677e396cf6,Demonic,Balor,3,Rank 1,3d4+1,2022-06-28 10:22:07,11.3,13.38,11.64
62bb38bfe3bf39677e396cf7,Undead,Ghostly Knight,13,Rank 3,13d8,2022-06-28 10:22:07,103.06,105.0,102.72
62bb38bfe3bf39677e396cf8,Elemental,Djinni,4,Rank 0,4d2,2022-06-28 10:22:07,8.39,8.85,7.5
62bb38bfe3bf39677e396cf9,Devilkin,Pit Lord,6,Rank 5,6d12,2022-06-28 10:22:07,76.96,70.18,77.12
62bb38bfe3bf39677e396cfa,Dragon,Wyvern,3,Rank 0,3d2+1,2022-06-28 10:22:07,6.17,5.24,6.8
62bb38bfe3bf39677e396cfb,Elemental,Efreeti,19,Rank 0,19d2+2,2022-06-28 10:22:07,38.32,38.83,38.84
62bb38bfe3bf39677e396cfc,Devilkin,Succubus,9,Rank 2,9d6,2022-06-28 10:22:07,56.92,54.43,51.37
62bb38bfe3bf39677e396cfd,Fey,White Archfey,4,Rank 2,4d6,2022-06-28 10:22:07,22.98,23.48,25.22
62bb38bfe3bf39677e396cfe,Demonic,Nightmare,11,Rank 0,11d2+1,2022-06-28 10:22:07,21.97,22.74,21.5
62bb38bfe3bf39677e396cff,Undead,Zombie Mage,3,Rank 1,3d4,2022-06-28 10:22:07,12.37,12.01,11.42
62bb38bfe3bf39677e396d00,Demonic,Hook Horror,7,Rank 2,7d6,2022-06-28 10:22:07,40.05,43.72,42.53
62bb38bfe3bf39677e396d01,Undead,Ghast,5,Rank 2,5d6+1,2022-06-28 10:22:07,31.42,30.71,28.57
62bb38bfe3bf39677e396d02,Elemental,Shadow Mephit,6,Rank 3,6d8+1,2022-06-28 10:22:07,49.84,51.65,49.56
62bb38bfe3bf39677e396d03,Demonic,Imp,9,Rank 0,9d2+1,2022-06-28 10:22:07,18.43,17.46,17.95
62bb38bfe3bf39677e396d04,Devilkin,Kobold Archer,9,Rank 0,9d2+1,2022-06-28 10:22:07,19.0,18.69,17.34
62bb38bfe3bf39677e396d05,Fey,Platinum Faerie,8,Rank 2,8d6+3,2022-06-28 10:22:07,50.63,47.8,46.94
62bb38bfe3bf39677e396d06,Elemental,Djinni,5,Rank 1,5d4,2022-06-28 10:22:07,18.08,20.46,18.7
62bb38bfe3bf39677e396d07,Dragon,Diamond Drake,6,Rank 1,6d4+5,2022-06-28 10:22:07,24.85,24.63,24.34
62bb38bfe3bf39677e396d08,Undead,Ghoul,13,Rank 1,13d4+5,2022-06-28 10:22:07,51.53,52.97,53.6
62bb38bfe3bf39677e396d09,Elemental,Djinni,8,Rank 0,8d2+1,2022-06-28 10:22:07,15.21,16.83,15.48
62bb38bfe3bf39677e396d0a,Devilkin,Pit Lord,2,Rank 5,2d12,2022-06-28 10:22:07,28.21,27.64,25.63
62bb38bfe3bf39677e396d0b,Dragon,Faerie Dragon,1,Rank 5,1d12,2022-06-28 10:22:07,12.83,14.8,11.49
62bb38bfe3bf39677e396d0c,Fey,Bronze Faerie,11,Rank 0,11d2,2022-06-28 10:22:07,21.32,22.19,21.1
62bb38bfe3bf39677e396d0d,Demonic,Hell Hound,8,Rank 2,8d6+1,2022-06-28 10:22:07,47.13,49.26,47.08
62bb38bfe3bf39677e396d0e,Dragon,Brass Drake,18,Rank 3,18d8+1,2022-06-28 10:22:07,144.09,143.67,144.12
62bb38bfe3bf39677e396d0f,Fey,Ice Spirit,7,Rank 0,7d2+1,2022-06-28 10:22:07,14.12,13.12,13.27
62bb38bfe3bf39677e396d10,Devilkin,Pit Lord,6,Rank 0,6d2+1,2022-06-28 10:22:07,12.67,11.85,11.82
62bb38bfe3bf39677e396d11,Undead,Skeletal Knight,5,Rank 0,5d2+1,2022-06-28 10:22:07,9.15,10.1,9.86
62bb38bfe3bf39677e396d12,Elemental,Mud Mephit,3,Rank 2,3d6,2022-06-28 10:22:07,17.25,16.69,19.66
62bb38bfe3bf39677e396d13,Devilkin,Prince of Fear,12,Rank 1,12d4+1,2022-06-28 10:22:07,48.91,48.51,48.07
62bb38bfe3bf39677e396d14,Dragon,Silver Dragon,8,Rank 5,8d12+2,2022-06-28 10:22:07,94.91,95.29,95.03
62bb38bfe3bf39677e396d15,Undead,Poltergeist,6,Rank 2,6d6+1,2022-06-28 10:22:07,34.01,37.84,34.33
62bb38bfe3bf39677e396d16,Elemental,Djinni,6,Rank 1,6d4+5,2022-06-28 10:22:07,23.26,23.55,25.32
62bb38bfe3bf39677e396d17,Dragon,Wyvern,10,Rank 1,10d4,2022-06-28 10:22:07,40.62,40.31,40.12
62bb38bfe3bf39677e396d18,Fey,Diamond Faerie,10,Rank 3,10d8+1,2022-06-28 10:22:07,80.07,81.77,82.5
62bb38bfe3bf39677e396d19,Demonic,Hook Horror,6,Rank 3,6d8+1,2022-06-28 10:22:07,50.8,45.97,48.86
62bb38bfe3bf39677e396d1a,Undead,Ghoul,14,Rank 1,14d4,2022-06-28 10:22:07,56.41,56.83,56.55
62bb38bfe3bf39677e396d1b,Fey,Emerald Faerie,10,Rank 2,10d6+2,2022-06-28 10:22:07,61.09,62.08,62.59
62bb38bfe3bf39677e396d1c,Devilkin,Pit Lord,13,Rank 2,13d6+1,2022-06-28 10:22:07,76.96,78.99,76.49
62bb38bfe3bf39677e396d1d,Undead,Dracolich,10,Rank 1,10d4+5,2022-06-28 10:22:07,40.57,41.69,39.61
62bb38bfe3bf39677e396d1e,Demonic,Imp,4,Rank 2,4d6+2,2022-06-28 10:22:07,22.88,21.83,25.77
62bb38bfe3bf39677e396d1f,Dragon,Ruby Wyrmling,4,Rank 0,4d2+5,2022-06-28 10:22:07,7.33,8.87,8.18
62bb38bfe3bf39677e396d20,Fey,Steam Archfey,14,Rank 1,14d4+3,2022-06-28 10:22:07,55.49,55.32,54.38
62bb38bfe3bf39677e396d21,Devilkin,Smoke Devil,1,Rank 4,1d10+2,2022-06-28 10:22:07,13.19,12.43,8.72
62bb38bfe3bf39677e396d22,Dragon,Onyx Drake,2,Rank 0,2d2+2,2022-06-28 10:22:07,3.01,4.7,3.89
62bb38bfe3bf39677e396d23,Fey,Spore Spirit,3,Rank 2,3d6,2022-06-28 10:22:07,19.42,20.15,19.62
62bb38bfe3bf39677e396d24,Demonic,Balor,8,Rank 0,8d2+4,2022-06-28 10:22:07,16.15,16.75,15.39
62bb38bfe3bf39677e396d25,Devilkin,Succubus,5,Rank 2,5d6+5,2022-06-28 10:22:07,28.57,32.43,29.68
62bb38bfe3bf39677e396d26,Undead,Mummy Lord,9,Rank 1,9d4,2022-06-28 10:22:07,36.78,35.98,34.23
62bb38bfe3bf39677e396d27,Fey,Red Faerie,19,Rank 3,19d8,2022-06-28 10:22:07,153.72,149.53,150.35
62bb38bfe3bf39677e396d28,Demonic,Hell Hound,4,Rank 0,4d2+2,2022-06-28 10:22:07,8.67,8.58,7.35
62bb38bfe3bf39677e396d29,Dragon,Faerie Dragon,9,Rank 2,9d6+4,2022-06-28 10:22:07,52.05,53.62,54.17
62bb38bfe3bf39677e396d2a,Undead,Vampire,1,Rank 1,1d4+3,2022-06-28 10:22:07,3.45,4.98,4.98
62bb38bfe3bf39677e396d2b,Demonic,Ruby Demon,2,Rank 2,2d6+1,2022-06-28 10:22:07,11.81,11.19,11.35
62bb38bfe3bf39677e396d2c,Dragon,Wyvern,18,Rank 1,18d4+3,2022-06-28 10:22:07,71.49,73.17,72.95
62bb38bfe3bf39677e396d2d,Elemental,Djinni,18,Rank 1,18d4+1,2022-06-28 10:22:07,72.18,73.2,72.65
62bb38bfe3bf39677e396d2e,Demonic,Imp,13,Rank 2,13d6,2022-06-28 10:22:07,77.31,78.42,77.77
62bb38bfe3bf39677e396d2f,Dragon,Faerie Dragon,2,Rank 2,2d6+4,2022-06-28 10:22:07,11.23,10.17,10.86
62bb38bfe3bf39677e396d30,Elemental,Mud Mephit,9,Rank 1,9d4+3,2022-06-28 10:22:07,36.4,34.87,36.88
62bb38bfe3bf39677e396d31,Devilkin,Succubus,10,Rank 1,10d4,2022-06-28 10:22:07,41.45,38.97,40.16
62bb38bfe3bf39677e396d32,Fey,Gold Archfey,6,Rank 0,6d2+1,2022-06-28 10:22:07,12.39,12.15,11.52
62bb38bfe3bf39677e396d33,Demonic,Red Demon,10,Rank 1,10d4,2022-06-28 10:22:07,41.54,40.97,39.41
62bb38bfe3bf39677e396d34,Dragon,Pseudodragon,5,Rank 4,5d10,2022-06-28 10:22:07,54.02,47.08,48.29
62bb38bfe3bf39677e396d35,Undead,Zombie Mage,15,Rank 3,15d8+1,2022-06-28 10:22:07,121.71,122.29,123.5
62bb38bfe3bf39677e396d36,Demonic,Imp,14,Rank 2,14d6+1,2022-06-28 10:22:07,82.44,83.47,82.41
62bb38bfe3bf39677e396d37,Devilkin,Kobold Archer,6,Rank 0,6d2+3,2022-06-28 10:22:07,11.94,12.65,12.9
62bb38bfe3bf39677e396d38,Dragon,White Dragon,2,Rank 4,2d10+2,2022-06-28 10:22:07,19.71,21.81,17.95
62bb38bfe3bf39677e396d39,Fey,Shadow Spirit,7,Rank 4,7d10,2022-06-28 10:22:07,66.06,65.64,69.29
62bb38bfe3bf39677e396d3a,Elemental,Efreeti,1,Rank 3,1d8+1,2022-06-28 10:22:07,8.94,9.22,10.45
62bb38bfe3bf39677e396d3b,Devilkin,Pit Lord,17,Rank 0,17d2+4,2022-06-28 10:22:07,34.67,33.46,33.14
62bb38bfe3bf39677e396d3c,Undead,Ghast,9,Rank 0,9d2+2,2022-06-28 10:22:07,18.52,17.27,18.47
62bb38bfe3bf39677e396d3d,Elemental,Flame Elemental,8,Rank 5,8d12,2022-06-28 10:22:07,99.33,96.35,92.51
62bb38bfe3bf39677e396d3e,Devilkin,Goblin Knight,17,Rank 0,17d2+4,2022-06-28 10:22:07,33.95,34.56,33.22
62bb38bfe3bf39677e396d3f,Dragon,Pseudodragon,17,Rank 0,17d2+3,2022-06-28 10:22:07,34.89,33.98,33.27
62bb38bfe3bf39677e396d40,Fey,Magma Archfey,3,Rank 0,3d2,2022-06-28 10:22:07,6.16,6.97,6.1
62bb38bfe3bf39677e396d41,Demonic,Pit Fiend,5,Rank 2,5d6+3,2022-06-28 10:22:07,30.02,30.9,28.76
62bb38bfe3bf39677e396d42,Undead,Banshee,10,Rank 3,10d8+1,2022-06-28 10:22:07,79.51,82.31,77.88
62bb38bfe3bf39677e396d43,Elemental,Djinni,7,Rank 5,7d12,2022-06-28 10:22:07,88.0,82.9,86.1
62bb38bfe3bf39677e396d44,Devilkin,Succubus,4,Rank 1,4d4+1,2022-06-28 10:22:07,14.2,15.84,15.01
62bb38bfe3bf39677e396d45,Dragon,Faerie Dragon,14,Rank 0,14d2,2022-06-28 10:22:07,27.42,27.62,28.89
62bb38bfe3bf39677e396d46,Elemental,Shadow Mephit,6,Rank 2,6d6,2022-06-28 10:22:07,37.73,37.37,37.9
62bb38bfe3bf39677e396d47,Devilkin,Kobold Guard,5,Rank 0,5d2,2022-06-28 10:22:07,10.52,10.83,10.52
62bb38bfe3bf39677e396d48,Undead,Dracolich,19,Rank 0,19d2+2,2022-06-28 10:22:07,38.4,38.92,37.74
62bb38bfe3bf39677e396d49,Elemental,Spore Mephit,8,Rank 0,8d2+1,2022-06-28 10:22:07,16.98,16.06,15.93
62bb38bfe3bf39677e396d4a,Dragon,Platinum Dragon,15,Rank 2,15d6,2022-06-28 10:22:07,89.34,92.19,88.94
62bb38bfe3bf39677e396d4b,Fey,Dust Spirit,19,Rank 0,19d2+1,2022-06-28 10:22:07,38.29,37.32,38.03
62bb38bfe3bf39677e396d4c,Devilkin,Goblin Villager,12,Rank 1,12d4+2,2022-06-28 10:22:07,47.58,48.99,47.77
62bb38bfe3bf39677e396d4d,Fey,Black Faerie,12,Rank 0,12d2,2022-06-28 10:22:07,23.86,23.06,24.53
62bb38bfe3bf39677e396d4e,Devilkin,Goblin Mage,5,Rank 0,5d2,2022-06-28 10:22:07,10.21,9.51,9.62
62bb38bfe3bf39677e396d4f,Fey,Sapphire Archfey,9,Rank 2,9d6,2022-06-28 10:22:07,53.58,52.54,52.27
62bb38bfe3bf39677e396d50,Demonic,Quasit,2,Rank 3,2d8+4,2022-06-28 10:22:07,14.47,16.68,16.68
62bb38bfe3bf39677e396d51,Dragon,Pseudodragon,17,Rank 1,17d4+1,2022-06-28 10:22:07,69.24,66.53,67.89
62bb38bfe3bf39677e396d52,Undead,Vampire,14,Rank 5,14d12+4,2022-06-28 10:22:07,172.18,165.32,171.59
62bb38bfe3bf39677e396d53,Fey,Smoke Spirit,10,Rank 0,10d2,2022-06-28 10:22:07,19.09,19.35,20.86
62bb38bfe3bf39677e396d54,Devilkin,Goblin Guard,5,Rank 0,5d2,2022-06-28 10:22:07,9.86,9.96,10.93
62bb38bfe3bf39677e396d55,Undead,Vampire,11,Rank 0,11d2,2022-06-28 10:22:07,21.45,21.47,21.59
62bb38bfe3bf39677e396d56,Elemental,Efreeti,1,Rank 0,1d2+1,2022-06-28 10:22:07,1.44,1.34,2.55
62bb38bfe3bf39677e396d57,Demonic,Hell Hound,4,Rank 0,4d2,2022-06-28 10:22:07,7.54,8.87,7.8
62bb38bfe3bf39677e396d58,Undead,Death Knight,6,Rank 4,6d10+4,2022-06-28 10:22:07,57.28,57.32,63.2
62bb38bfe3bf39677e396d59,Elemental,Ice Mephit,2,Rank 3,2d8+1,2022-06-28 10:22:07,12.19,17.27,19.91
62bb38bfe3bf39677e396d5a,Demonic,Balor,4,Rank 0,4d2,2022-06-28 10:22:07,8.31,7.35,8.12
62bb38bfe3bf39677e396d5b,Devilkin,Flame Devil,3,Rank 0,3d2+5,2022-06-28 10:22:07,6.52,6.4,5.26
62bb38bfe3bf39677e396d5c,Fey,Brass Faerie,9,Rank 2,9d6,2022-06-28 10:22:07,54.11,52.92,55.68
62bb38bfe3bf39677e396d5d,Devilkin,Smoke Devil,2,Rank 1,2d4+1,2022-06-28 10:22:07,6.48,6.99,8.13
62bb38bfe3bf39677e396d5e,Undead,Revenant,5,Rank 0,5d2+4,2022-06-28 10:22:07,10.24,9.78,9.58
62bb38bfe3bf39677e396d5f,Fey,Prismatic Faerie,11,Rank 0,11d2+1,2022-06-28 10:22:07,22.87,21.63,21.72
62bb38bfe3bf39677e396d60,Demonic,Nightmare,11,Rank 3,11d8,2022-06-28 10:22:07,90.21,84.8,89.83
62bb38bfe3bf39677e396d61,Dragon,Faerie Dragon,3,Rank 5,3d12+1,2022-06-28 10:22:07,35.93,37.58,34.01
62bb38bfe3bf39677e396d62,Fey,Spore Archfey,9,Rank 2,9d6+4,2022-06-28 10:22:07,54.09,53.34,53.64
62bb38bfe3bf39677e396d63,Demonic,Pit Fiend,5,Rank 3,5d8+2,2022-06-28 10:22:07,40.66,41.34,42.4
62bb38bfe3bf39677e396d64,Undead,Ghoul,1,Rank 3,1d8+2,2022-06-28 10:22:07,5.41,6.46,5.74
62bb38bfe3bf39677e396d65,Fey,Bronze Archfey,5,Rank 3,5d8,2022-06-28 10:22:07,37.34,37.51,38.57
62bb38bfe3bf39677e396d66,Devilkin,Flame Devil,3,Rank 2,3d6+3,2022-06-28 10:22:07,17.01,17.23,20.12
62bb38bfe3bf39677e396d67,Undead,Poltergeist,14,Rank 1,14d4+1,2022-06-28 10:22:07,56.88,54.85,56.26
62bb38bfe3bf39677e396d68,Demonic,Imp,11,Rank 1,11d4+2,2022-06-28 10:22:07,43.06,43.18,43.44
62bb38bfe3bf39677e396d69,Dragon,Silver Dragon,8,Rank 1,8d4,2022-06-28 10:22:07,32.14,31.77,30.91
62bb38bfe3bf39677e396d6a,Fey,Magma Archfey,4,Rank 4,4d10+3,2022-06-28 10:22:07,39.73,37.56,36.87
62bb38bfe3bf39677e396d6b,Devilkin,Succubus,8,Rank 0,8d2+3,2022-06-28 10:22:07,15.32,15.94,16.74
62bb38bfe3bf39677e396d6c,Undead,Death Knight,3,Rank 1,3d4+2,2022-06-28 10:22:07,12.77,10.82,10.32
62bb38bfe3bf39677e396d6d,Elemental,Shadow Mephit,3,Rank 1,3d4+1,2022-06-28 10:22:07,11.63,13.33,12.94
62bb38bfe3bf39677e396d6e,Dragon,Pseudodragon,7,Rank 2,7d6+1,2022-06-28 10:22:07,41.28,39.5,41.89
62bb38bfe3bf39677e396d6f,Fey,Diamond Faerie,18,Rank 4,18d10+3,2022-06-28 10:22:07,175.74,183.81,176.09
62bb38bfe3bf39677e396d70,Demonic,Hook Horror,9,Rank 1,9d4+4,2022-06-28 10:22:07,36.51,34.33,37.14
62bb38bfe3bf39677e396d71,Dragon,Bronze Wyrmling,4,Rank 0,4d2+5,2022-06-28 10:22:07,7.96,8.31,7.1
62bb38bfe3bf39677e396d72,Fey,Spore Spirit,6,Rank 0,6d2+3,2022-06-28 10:22:07,12.3,11.04,12.31
62bb38bfe3bf39677e396d73,Elemental,Flame Elemental,8,Rank 1,8d4+1,2022-06-28 10:22:07,32.22,32.65,31.57
62bb38bfe3bf39677e396d74,Dragon,Faerie Dragon,5,Rank 1,5d4+2,2022-06-28 10:22:07,20.16,19.67,19.19
62bb38bfe3bf39677e396d75,Fey,Brass Faerie,5,Rank 1,5d4,2022-06-28 10:22:07,19.6,20.84,21.06
62bb38bfe3bf39677e396d76,Demonic,Nightmare,6,Rank 3,6d8+2,2022-06-28 10:22:07,44.09,49.64,44.28
62bb38bfe3bf39677e396d77,Undead,Dracolich,11,Rank 1,11d4,2022-06-28 10:22:07,44.2,44.33,43.64
62bb38bfe3bf39677e396d78,Elemental,Efreeti,9,Rank 2,9d6,2022-06-28 10:22:07,53.42,56.24,55.15
62bb38bfe3bf39677e396d79,Demonic,Quasit,6,Rank 4,6d10+3,2022-06-28 10:22:07,58.16,62.03,63.38
62bb38bfe3bf39677e396d7a,Devilkin,Prince of Fear,6,Rank 0,6d2,2022-06-28 10:22:07,12.47,11.53,12.65
62bb38bfe3bf39677e396d7b,Undead,Banshee,9,Rank 0,9d2+3,2022-06-28 10:22:07,18.44,17.8,17.59
62bb38bfe3bf39677e396d7c,Elemental,Smoke Elemental,8,Rank 1,8d4,2022-06-28 10:22:07,33.85,32.08,32.29
62bb38bfe3bf39677e396d7d,Devilkin,Dust Devil,10,Rank 2,10d6,2022-06-28 10:22:07,60.97,57.79,61.44
62bb38bfe3bf39677e396d7e,Fey,Onyx Faerie,6,Rank 0,6d2+2,2022-06-28 10:22:07,12.21,11.11,12.85
62bb38bfe3bf39677e396d7f,Demonic,Imp,16,Rank 3,16d8+2,2022-06-28 10:22:07,125.4,131.81,124.27
62bb38bfe3bf39677e396d80,Undead,Lich,12,Rank 2,12d6+5,2022-06-28 10:22:07,73.41,71.37,70.04
62bb38bfe3bf39677e396d81,Elemental,Smoke Mephit,5,Rank 1,5d4,2022-06-28 10:22:07,19.13,19.66,18.43
62bb38bfe3bf39677e396d82,Devilkin,Kobold Villager,8,Rank 1,8d4+3,2022-06-28 10:22:07,32.12,31.74,33.06
62bb38bfe3bf39677e396d83,Dragon,Pseudodragon,8,Rank 0,8d2,2022-06-28 10:22:07,16.58,15.51,16.84
62bb38bfe3bf39677e396d84,Fey,Red Archfey,8,Rank 3,8d8+3,2022-06-28 10:22:07,62.13,61.46,60.18
62bb38bfe3bf39677e396d85,Demonic,Hell Hound,11,Rank 0,11d2,2022-06-28 10:22:07,22.75,21.83,21.24
62bb38bfe3bf39677e396d86,Devilkin,Pit Lord,7,Rank 0,7d2+1,2022-06-28 10:22:07,13.2,14.27,13.04
62bb38bfe3bf39677e396d87,Fey,Ice Spirit,15,Rank 1,15d4,2022-06-28 10:22:07,59.59,61.43,61.44
62bb38bfe3bf39677e396d88,Demonic,Quasit,3,Rank 1,3d4+2,2022-06-28 10:22:07,10.85,12.63,13.94
62bb38bfe3bf39677e396d89,Dragon,Wyvern,15,Rank 2,15d6+1,2022-06-28 10:22:07,91.71,87.9,88.54
62bb38bfe3bf39677e396d8a,Elemental,Steam Elemental,20,Rank 0,20d2+2,2022-06-28 10:22:07,40.92,39.28,39.19
62bb38bfe3bf39677e396d8b,Devilkin,Pit Lord,2,Rank 0,2d2+2,2022-06-28 10:22:07,4.15,4.98,3.31
62bb38bfe3bf39677e396d8c,Dragon,Faerie Dragon,2,Rank 0,2d2,2022-06-28 10:22:07,3.99,3.26,4.08
62bb38bfe3bf39677e396d8d,Fey,Sapphire Faerie,16,Rank 2,16d6+1,2022-06-28 10:22:07,95.48,95.87,95.87
62bb38bfe3bf39677e396d8e,Demonic,Balor,16,Rank 3,16d8+2,2022-06-28 10:22:07,128.84,130.42,127.06
62bb38bfe3bf39677e396d8f,Dragon,Pseudodragon,9,Rank 4,9d10+2,2022-06-28 10:22:07,90.39,91.35,90.24
62bb38bfe3bf39677e396d90,Undead,Mummy,13,Rank 4,13d10,2022-06-28 10:22:07,125.56,127.14,133.47
62bb38bfe3bf39677e396d91,Elemental,Efreeti,5,Rank 0,5d2+4,2022-06-28 10:22:07,10.3,10.63,9.04
62bb38bfe3bf39677e396d92,Devilkin,Prince of Fear,5,Rank 4,5d10,2022-06-28 10:22:07,52.02,51.05,53.06
62bb38bfe3bf39677e396d93,Undead,Zombie Knight,6,Rank 4,6d10+2,2022-06-28 10:22:07,58.7,58.26,56.92
62bb38bfe3bf39677e396d94,Elemental,Djinni,5,Rank 2,5d6+3,2022-06-28 10:22:07,27.15,29.54,31.71
62bb38bfe3bf39677e396d95,Devilkin,Incubus,19,Rank 1,19d4+2,2022-06-28 10:22:07,76.53,76.17,74.63
62bb38bfe3bf39677e396d96,Dragon,Wyvern,18,Rank 1,18d4+1,2022-06-28 10:22:07,71.19,72.97,72.53
62bb38bfe3bf39677e396d97,Elemental,Shadow Mephit,6,Rank 1,6d4,2022-06-28 10:22:07,25.68,25.51,23.31
62bb38bfe3bf39677e396d98,Devilkin,Succubus,14,Rank 1,14d4,2022-06-28 10:22:07,56.0,55.92,56.59
62bb38bfe3bf39677e396d99,Undead,Revenant,4,Rank 1,4d4,2022-06-28 10:22:07,14.58,15.16,16.61
62bb38bfe3bf39677e396d9a,Elemental,Dust Elemental,2,Rank 2,2d6+1,2022-06-28 10:22:07,9.67,10.21,11.84
62bb38bfe3bf39677e396d9b,Devilkin,Pit Lord,4,Rank 0,4d2+4,2022-06-28 10:22:07,8.97,7.08,8.35
62bb38bfe3bf39677e396d9c,Fey,Magma Spirit,9,Rank 1,9d4,2022-06-28 10:22:07,35.19,34.55,35.43
62bb38bfe3bf39677e396d9d,Demonic,Hook Horror,9,Rank 1,9d4+1,2022-06-28 10:22:07,36.63,36.08,36.04
62bb38bfe3bf39677e396d9e,Dragon,Ruby Dragon,13,Rank 3,13d8,2022-06-28 10:22:07,101.95,102.21,100.61
62bb38bfe3bf39677e396d9f,Undead,Banshee,13,Rank 0,13d2+2,2022-06-28 10:22:07,25.39,25.86,25.83
62bb38bfe3bf39677e396da0,Elemental,Djinni,5,Rank 4,5d10+2,2022-06-28 10:22:07,47.8,54.19,50.06
62bb38bfe3bf39677e396da1,Dragon,Wyvern,2,Rank 0,2d2+1,2022-06-28 10:22:07,3.3,3.17,3.32
62bb38bfe3bf39677e396da2,Fey,Spore Spirit,5,Rank 3,5d8+5,2022-06-28 10:22:07,43.78,42.05,42.51
62bb38bfe3bf39677e396da3,Demonic,Quasit,10,Rank 2,10d6+3,2022-06-28 10:22:07,60.61,60.59,61.15
62bb38bfe3bf39677e396da4,Dragon,Wyvern,8,Rank 2,8d6+1,2022-06-28 10:22:07,47.72,48.23,50.68
62bb38bfe3bf39677e396da5,Fey,Ice Archfey,10,Rank 2,10d6+1,2022-06-28 10:22:07,58.62,59.88,59.27
62bb38bfe3bf39677e396da6,Elemental,Djinni,3,Rank 4,3d10,2022-06-28 10:22:07,33.78,33.06,33.67
62bb38bfe3bf39677e396da7,Devilkin,Prince of Fear,3,Rank 0,3d2+2,2022-06-28 10:22:07,5.04,5.03,6.82
62bb38bfe3bf39677e396da8,Dragon,Gold Dragon,14,Rank 0,14d2+3,2022-06-28 10:22:07,27.34,27.21,28.8
62bb38bfe3bf39677e396da9,Fey,Prismatic Faerie,19,Rank 0,19d2,2022-06-28 10:22:07,38.86,38.8,37.28
62bb38bfe3bf39677e396daa,Elemental,Efreeti,17,Rank 4,17d10+1,2022-06-28 10:22:07,167.18,172.74,170.94
62bb38bfe3bf39677e396dab,Demonic,Quasit,10,Rank 0,10d2+1,2022-06-28 10:22:07,20.19,19.97,20.7
62bb38bfe3bf39677e396dac,Dragon,Bronze Wyrmling,10,Rank 0,10d2,2022-06-28 10:22:07,19.67,20.54,20.7
62bb38bfe3bf39677e396dad,Fey,Flame Spirit,4,Rank 2,4d6,2022-06-28 10:22:07,25.2,24.69,26.66
62bb38bfe3bf39677e396dae,Demonic,Quasit,10,Rank 1,10d4+1,2022-06-28 10:22:07,40.42,40.23,39.1
62bb38bfe3bf39677e396daf,Dragon,Silver Wyrmling,11,Rank 0,11d2+1,2022-06-28 10:22:07,22.64,22.97,21.72
62bb38bfe3bf39677e396db0,Fey,Diamond Faerie,6,Rank 2,6d6+1,2022-06-28 10:22:07,37.34,34.46,37.45
62bb38bfe3bf39677e396db1,Devilkin,Prince of Fear,3,Rank 2,3d6+1,2022-06-28 10:22:07,17.03,17.59,18.39
62bb38bfe3bf39677e396db2,Dragon,Faerie Dragon,11,Rank 1,11d4+1,2022-06-28 10:22:07,43.52,44.23,43.61
62bb38bfe3bf39677e396db3,Fey,Blue Faerie,17,Rank 0,17d2+3,2022-06-28 10:22:07,34.56,34.7,33.81
62bb38bfe3bf39677e396db4,Elemental,Shadow Elemental,7,Rank 0,7d2+4,2022-06-28 10:22:07,14.12,13.33,14.39
62bb38bfe3bf39677e396db5,Devilkin,Kobold Guard,19,Rank 2,19d6+1,2022-06-28 10:22:07,113.06,115.87,112.96
62bb38bfe3bf39677e396db6,Undead,Wight,10,Rank 5,10d12,2022-06-28 10:22:07,118.24,114.17,119.41
62bb38bfe3bf39677e396db7,Elemental,Efreeti,5,Rank 0,5d2+2,2022-06-28 10:22:07,9.75,10.51,9.93
62bb38bfe3bf39677e396db8,Dragon,Onyx Wyrmling,10,Rank 1,10d4+2,2022-06-28 10:22:07,41.08,41.6,39.71
62bb38bfe3bf39677e396db9,Fey,Red Faerie,2,Rank 3,2d8,2022-06-28 10:22:07,18.69,13.84,14.98
62bb38bfe3bf39677e396dba,Devilkin,Dust Devil,6,Rank 2,6d6+3,2022-06-28 10:22:07,33.27,35.51,37.06
62bb38bfe3bf39677e396dbb,Undead,Revenant,16,Rank 2,16d6+2,2022-06-28 10:22:07,94.38,97.46,97.75
62bb38bfe3bf39677e396dbc,Elemental,Magma Mephit,18,Rank 5,18d12,2022-06-28 10:22:07,218.31,210.58,216.64
62bb38bfe3bf39677e396dbd,Devilkin,Spore Devil,1,Rank 3,1d8+1,2022-06-28 10:22:07,6.65,5.48,5.89
62bb38bfe3bf39677e396dbe,Undead,Lich,4,Rank 3,4d8+2,2022-06-28 10:22:07,32.65,34.32,28.57
62bb38bfe3bf39677e396dbf,Demonic,Balor,11,Rank 1,11d4,2022-06-28 10:22:07,44.02,42.65,45.62
62bb38bfe3bf39677e396dc0,Devilkin,Goblin Archer,1,Rank 2,1d6+1,2022-06-28 10:22:07,6.95,5.38,6.86
62bb38bfe3bf39677e396dc1,Undead,Dracolich,8,Rank 1,8d4+1,2022-06-28 10:22:07,32.46,32.68,32.45
62bb38bfe3bf39677e396dc2,Elemental,Djinni,18,Rank 0,18d2+3,2022-06-28 10:22:07,36.45,36.64,35.54
62bb38bfe3bf39677e396dc3,Devilkin,Prince of Fear,12,Rank 4,12d10+3,2022-06-28 10:22:07,116.09,115.09,119.39
62bb38bfe3bf39677e396dc4,Undead,Lich King,16,Rank 0,16d2+3,2022-06-28 10:22:07,32.12,31.77,31.57
62bb38bfe3bf39677e396dc5,Elemental,Djinni,6,Rank 0,6d2+1,2022-06-28 10:22:07,12.51,12.64,12.91
62bb38bfe3bf39677e396dc6,Devilkin,Pit Lord,18,Rank 1,18d4+4,2022-06-28 10:22:07,73.52,71.96,73.6
62bb38bfe3bf39677e396dc7,Dragon,Sapphire Wyrmling,1,Rank 0,1d2+3,2022-06-28 10:22:07,1.12,1.81,2.27
62bb38bfe3bf39677e396dc8,Elemental,Flame Mephit,18,Rank 3,18d8+4,2022-06-28 10:22:07,143.06,144.79,146.67
62bb38bfe3bf39677e396dc9,Dragon,Faerie Dragon,17,Rank 0,17d2+2,2022-06-28 10:22:07,33.99,34.78,34.83
62bb38bfe3bf39677e396dca,Elemental,Smoke Elemental,8,Rank 1,8d4+1,2022-06-28 10:22:07,32.59,32.5,30.6
62bb38bfe3bf39677e396dcb,Devilkin,Kobold Knight,2,Rank 2,2d6,2022-06-28 10:22:07,10.18,11.75,10.88
62bb38bfe3bf39677e396dcc,Fey,Copper Faerie,3,Rank 1,3d4+1,2022-06-28 10:22:07,12.29,13.29,11.07
62bb38bfe3bf39677e396dcd,Elemental,Shadow Mephit,10,Rank 1,10d4+2,2022-06-28 10:22:07,40.01,38.95,39.7
62bb38bfe3bf39677e396dce,Devilkin,Pit Lord,5,Rank 4,5d10,2022-06-28 10:22:07,53.35,46.18,49.33
62bb38bfe3bf39677e396dcf,Undead,Zombie Mage,5,Rank 0,5d2,2022-06-28 10:22:07,9.26,10.85,10.74
62bb38bfe3bf39677e396dd0,Elemental,Efreeti,5,Rank 0,5d2+3,2022-06-28 10:22:07,9.19,10.98,9.62
62bb38bfe3bf39677e396dd1,Demonic,White Demon,5,Rank 4,5d10+1,2022-06-28 10:22:07,46.82,46.42,47.11
62bb38bfe3bf39677e396dd2,Dragon,Platinum Dragon,12,Rank 2,12d6,2022-06-28 10:22:07,70.58,73.55,74.93
62bb38bfe3bf39677e396dd3,Fey,Copper Archfey,3,Rank 0,3d2+2,2022-06-28 10:22:07,5.21,6.05,6.56
62bb38bfe3bf39677e396dd4,Demonic,Nightmare,9,Rank 0,9d2+4,2022-06-28 10:22:07,17.2,17.88,18.81
62bb38bfe3bf39677e396dd5,Devilkin,Kobold Archer,17,Rank 5,17d12,2022-06-28 10:22:07,205.31,206.89,203.71
62bb38bfe3bf39677e396dd6,Fey,Dust Spirit,8,Rank 2,8d6,2022-06-28 10:22:07,47.17,47.05,48.86
62bb38bfe3bf39677e396dd7,Elemental,Magma Elemental,11,Rank 4,11d10+3,2022-06-28 10:22:07,109.88,109.96,109.88
62bb38bfe3bf39677e396dd8,Devilkin,Goblin Knight,10,Rank 3,10d8+2,2022-06-28 10:22:07,80.35,81.98,79.4
62bb38bfe3bf39677e396dd9,Undead,Death Knight,3,Rank 2,3d6,2022-06-28 10:22:07,16.39,17.31,18.74
62bb38bfe3bf39677e396dda,Elemental,Spore Mephit,6,Rank 3,6d8+3,2022-06-28 10:22:07,48.03,47.16,45.48
62bb38bfe3bf39677e396ddb,Devilkin,Goblin Guard,3,Rank 5,3d12+2,2022-06-28 10:22:07,36.67,38.69,32.17
62bb38bfe3bf39677e396ddc,Undead,Skeletal Villager,8,Rank 0,8d2+1,2022-06-28 10:22:07,15.14,16.03,16.19
62bb38bfe3bf39677e396ddd,Elemental,Flame Elemental,3,Rank 3,3d8,2022-06-28 10:22:07,20.02,22.54,23.51
62bb38bfe3bf39677e396dde,Devilkin,Pit Lord,16,Rank 4,16d10+4,2022-06-28 10:22:07,164.39,157.61,157.18
62bb38bfe3bf39677e396ddf,Undead,Lich,13,Rank 0,13d2+2,2022-06-28 10:22:07,25.2,26.08,25.33
62bb38bfe3bf39677e396de0,Demonic,Quasit,14,Rank 0,14d2+4,2022-06-28 10:22:07,28.14,27.8,27.05
62bb38bfe3bf39677e396de1,Dragon,Faerie Dragon,6,Rank 4,6d10+2,2022-06-28 10:22:07,61.28,55.36,55.47
62bb38bfe3bf39677e396de2,Elemental,Efreeti,9,Rank 0,9d2,2022-06-28 10:22:07,18.81,18.07,17.71
62bb38bfe3bf39677e396de3,Devilkin,Pit Lord,9,Rank 2,9d6+2,2022-06-28 10:22:07,54.92,53.9,54.98
62bb38bfe3bf39677e396de4,Undead,Mummy,4,Rank 1,4d4,2022-06-28 10:22:07,17.66,14.84,16.61
62bb38bfe3bf39677e396de5,Elemental,Djinni,6,Rank 0,6d2,2022-06-28 10:22:07,12.1,12.0,11.09
62bb38bfe3bf39677e396de6,Demonic,Night Hag,14,Rank 0,14d2+1,2022-06-28 10:22:07,28.52,28.61,27.03
62bb38bfe3bf39677e396de7,Dragon,Emerald Dragon,1,Rank 4,1d10+4,2022-06-28 10:22:07,12.14,8.15,11.8
62bb38bfe3bf39677e396de8,Elemental,Magma Elemental,4,Rank 3,4d8+1,2022-06-28 10:22:07,34.42,35.39,33.19
62bb38bfe3bf39677e396de9,Demonic,Nightmare,15,Rank 3,15d8+5,2022-06-28 10:22:07,121.08,121.45,116.39
62bb38bfe3bf39677e396dea,Devilkin,Goblin Mage,2,Rank 2,2d6,2022-06-28 10:22:07,13.26,10.67,12.27
62bb38bfe3bf39677e396deb,Undead,Demilich,13,Rank 1,13d4+1,2022-06-28 10:22:07,52.86,53.15,50.3
62bb38bfe3bf39677e396dec,Elemental,Spore Mephit,10,Rank 1,10d4+2,2022-06-28 10:22:07,40.4,41.89,39.05
62bb38bfe3bf39677e396ded,Dragon,Pseudodragon,2,Rank 0,2d2,2022-06-28 10:22:07,4.68,3.46,3.02
62bb38bfe3bf39677e396dee,Fey,Flame Spirit,6,Rank 2,6d6,2022-06-28 10:22:07,37.4,33.25,33.72
62bb38bfe3bf39677e396def,Devilkin,Goblin Archer,10,Rank 2,10d6+1,2022-06-28 10:22:07,59.4,61.34,61.44
62bb38bfe3bf39677e396df0,Fey,Magma Archfey,2,Rank 3,2d8+4,2022-06-28 10:22:07,17.66,16.73,14.63
62bb38bfe3bf39677e396df1,Devilkin,Goblin Knight,13,Rank 0,13d2+1,2022-06-28 10:22:07,25.19,26.35,25.5
62bb38bfe3bf39677e396df2,Dragon,Pseudodragon,6,Rank 3,6d8+3,2022-06-28 10:22:07,45.6,47.94,46.45
62bb38bfe3bf39677e396df3,Fey,Shadow Spirit,12,Rank 0,12d2+3,2022-06-28 10:22:07,23.93,24.27,23.79
62bb38bfe3bf39677e396df4,Elemental,Dust Elemental,9,Rank 5,9d12+3,2022-06-28 10:22:07,106.73,105.02,107.62
62bb38bfe3bf39677e396df5,Dragon,Green Drake,10,Rank 3,10d8,2022-06-28 10:22:07,80.15,79.8,81.0
62bb38bfe3bf39677e396df6,Undead,Zombie Guard,6,Rank 3,6d8+2,2022-06-28 10:22:07,44.05,49.34,49.15
62bb38bfe3bf39677e396df7,Elemental,Steam Mephit,5,Rank 0,5d2+4,2022-06-28 10:22:07,10.67,10.88,9.57
62bb38bfe3bf39677e396df8,Devilkin,Succubus,9,Rank 3,9d8+1,2022-06-28 10:22:07,70.64,70.91,73.02
62bb38bfe3bf39677e396df9,Undead,Wraith,12,Rank 2,12d6,2022-06-28 10:22:07,70.32,69.97,74.14
62bb38bfe3bf39677e396dfa,Elemental,Shadow Mephit,9,Rank 2,9d6,2022-06-28 10:22:07,52.05,55.98,54.53
62bb38bfe3bf39677e396dfb,Devilkin,Dust Devil,7,Rank 1,7d4+3,2022-06-28 10:22:07,26.67,28.99,27.64
62bb38bfe3bf39677e396dfc,Undead,Vampire,1,Rank 3,1d8,2022-06-28 10:22:07,4.62,10.4,6.33
62bb38bfe3bf39677e396dfd,Elemental,Flame Mephit,10,Rank 4,10d10+1,2022-06-28 10:22:07,98.57,102.99,101.01
62bb38bfe3bf39677e396dfe,Dragon,Pseudodragon,1,Rank 1,1d4+2,2022-06-28 10:22:07,4.71,3.84,4.78
62bb38bfe3bf39677e396dff,Elemental,Shadow Mephit,5,Rank 2,5d6,2022-06-28 10:22:07,31.43,31.79,29.1
62bb38bfe3bf39677e396e00,Devilkin,Prince of Fear,13,Rank 2,13d6,2022-06-28 10:22:07,78.57,77.38,78.32
62bb38bfe3bf39677e396e01,Dragon,Copper Wyrmling,18,Rank 3,18d8,2022-06-28 10:22:07,145.46,143.02,140.7
62bb38bfe3bf39677e396e02,Fey,Red Faerie,8,Rank 1,8d4+1,2022-06-28 10:22:07,31.27,30.29,31.28
62bb38bfe3bf39677e396e03,Demonic,Nightmare,7,Rank 0,7d2+2,2022-06-28 10:22:07,14.56,13.77,13.88
62bb38bfe3bf39677e396e04,Devilkin,Spore Devil,6,Rank 1,6d4,2022-06-28 10:22:07,24.92,23.09,22.56
62bb38bfe3bf39677e396e05,Dragon,Wyvern,9,Rank 1,9d4+1,2022-06-28 10:22:07,36.9,37.63,36.42
62bb38bfe3bf39677e396e06,Undead,Skeletal Villager,16,Rank 5,16d12+4,2022-06-28 10:22:07,187.83,189.93,190.18
62bb38bfe3bf39677e396e07,Elemental,Flame Elemental,4,Rank 0,4d2+2,2022-06-28 10:22:07,8.91,8.87,7.36
62bb38bfe3bf39677e396e08,Demonic,Hell Hound,11,Rank 1,11d4,2022-06-28 10:22:07,43.66,43.45,42.5
62bb38bfe3bf39677e396e09,Devilkin,Magma Devil,9,Rank 0,9d2+1,2022-06-28 10:22:07,17.28,17.78,18.65
62bb38bfe3bf39677e396e0a,Undead,Banshee,9,Rank 0,9d2+1,2022-06-28 10:22:07,17.67,17.08,17.53
62bb38bfe3bf39677e396e0b,Fey,Sapphire Faerie,13,Rank 3,13d8+1,2022-06-28 10:22:07,106.9,103.74,107.34
62bb38bfe3bf39677e396e0c,Demonic,Quasit,8,Rank 1,8d4+2,2022-06-28 10:22:07,31.29,33.08,31.44
62bb38bfe3bf39677e396e0d,Dragon,Silver Drake,3,Rank 5,3d12,2022-06-28 10:22:07,36.69,33.07,36.95
62bb38bfe3bf39677e396e0e,Fey,Black Faerie,12,Rank 5,12d12+1,2022-06-28 10:22:07,139.25,146.31,145.44
62bb38bfe3bf39677e396e0f,Demonic,Pit Fiend,17,Rank 0,17d2+2,2022-06-28 10:22:07,34.34,33.46,34.17
62bb38bfe3bf39677e396e10,Devilkin,Spore Devil,6,Rank 1,6d4,2022-06-28 10:22:07,23.05,23.32,23.93
62bb38bfe3bf39677e396e11,Undead,Mummy Lord,4,Rank 0,4d2+1,2022-06-28 10:22:07,7.02,7.86,8.31
62bb38bfe3bf39677e396e12,Fey,Blue Faerie,11,Rank 0,11d2,2022-06-28 10:22:07,21.57,21.08,21.96
